artist,song_title,label,file_name,tempo,beat_strength_mean,beat_strength_std,beat_regularity_mean,beat_regularity_std,spectral_centroid_mean,spectral_centroid_std,spectral_bandwidth_mean,spectral_bandwidth_std,spectral_rolloff_mean,spectral_rolloff_std,spectral_contrast_band0_mean,spectral_contrast_band0_std,spectral_contrast_band1_mean,spectral_contrast_band1_std,spectral_contrast_band2_mean,spectral_contrast_band2_std,spectral_contrast_band3_mean,spectral_contrast_band3_std,spectral_contrast_band4_mean,spectral_contrast_band4_std,spectral_contrast_band5_mean,spectral_contrast_band5_std,spectral_contrast_band6_mean,spectral_contrast_band6_std,zcr_mean,zcr_std,rms_mean,rms_std,mfcc_1_mean,mfcc_1_std,mfcc_2_mean,mfcc_2_std,mfcc_3_mean,mfcc_3_std,mfcc_4_mean,mfcc_4_std,mfcc_5_mean,mfcc_5_std,mfcc_6_mean,mfcc_6_std,mfcc_7_mean,mfcc_7_std,mfcc_8_mean,mfcc_8_std,mfcc_9_mean,mfcc_9_std,mfcc_10_mean,mfcc_10_std,mfcc_11_mean,mfcc_11_std,mfcc_12_mean,mfcc_12_std,mfcc_13_mean,mfcc_13_std,chroma_1_mean,chroma_1_std,chroma_2_mean,chroma_2_std,chroma_3_mean,chroma_3_std,chroma_4_mean,chroma_4_std,chroma_5_mean,chroma_5_std,chroma_6_mean,chroma_6_std,chroma_7_mean,chroma_7_std,chroma_8_mean,chroma_8_std,chroma_9_mean,chroma_9_std,chroma_10_mean,chroma_10_std,chroma_11_mean,chroma_11_std,chroma_12_mean,chroma_12_std,tonnetz_1_mean,tonnetz_1_std,tonnetz_2_mean,tonnetz_2_std,tonnetz_3_mean,tonnetz_3_std,tonnetz_4_mean,tonnetz_4_std,tonnetz_5_mean,tonnetz_5_std,tonnetz_6_mean,tonnetz_6_std
Alex Warren,Ordinary,hits,Alex Warren - Ordinary.wav,112.34714673913044,1.4583855867385864,1.5600860118865967,0.5353254998969285,0.01847976439935437,1434.4334910797106,818.7309066746349,1992.550411228587,589.0471444167215,2776.0332137069468,1996.8897616071345,23.01573188499868,5.7440070265267735,17.498366000454755,5.049774869700725,22.81835561619776,4.844272952295912,18.393394009337914,3.85110932920391,19.317482667310443,3.6473222785836787,17.913234777121534,3.226747174765865,18.78187300334062,3.4983150031529506,0.04772495706753096,0.038293888737552906,0.20357686281204224,0.08202916383743286,-151.98672485351562,74.75536346435547,128.66050720214844,37.34751892089844,13.620491027832031,23.647642135620117,22.09050941467285,18.61096954345703,15.487359046936035,16.639461517333984,2.0126960277557373,13.443662643432617,-13.96551513671875,14.996784210205078,-3.9608521461486816,14.367362022399902,-10.11533260345459,12.098543167114258,-5.7127485275268555,11.169920921325684,-0.5642504692077637,10.678068161010742,-1.982643961906433,8.991031646728516,-3.2734968662261963,8.568819999694824,0.16646310687065125,0.17103257775306702,0.25949159264564514,0.28456470370292664,0.34311893582344055,0.367740273475647,0.3145850598812103,0.27784380316734314,0.40454989671707153,0.37507423758506775,0.27937278151512146,0.23517966270446777,0.3578898310661316,0.3519282341003418,0.2691815197467804,0.3004908859729767,0.1890408992767334,0.16867460310459137,0.34093591570854187,0.3686060309410095,0.20206226408481598,0.1696275919675827,0.2755199670791626,0.3187159299850464,0.3083508590733527,0.1508737262953521,-0.10146027718719597,0.20967886608492492,0.02036843130951717,0.21065839467253156,-0.07012220888147061,0.318049548096131,-0.001282659292851278,0.11749663880672336,-0.01841663598824878,0.10112901701382407
Aliyah's Interlude,Kryptonite,hits,Aliyah's Interlude - Kryptonite.wav,112.34714673913044,1.9988312721252441,2.0620925426483154,0.5249368318756075,0.018965058220042047,2581.1861345423154,1151.64444204004,2651.2694898292884,557.4632575933333,5453.55035646043,2066.7488321377946,19.901414233356235,5.387572325359778,13.646129706689425,4.015159154311457,16.854766684648283,4.572522742861863,16.18918629596655,3.4355936652909373,16.861011206729422,3.190399459004578,18.812681667546908,3.3191331282207273,17.993392656878598,2.7657870929144424,0.10140566043440402,0.09997488910005993,0.36865466833114624,0.1571582555770874,-28.2301025390625,55.36253356933594,77.15660095214844,35.97854995727539,-5.967491626739502,30.066753387451172,21.42068099975586,20.85817527770996,8.456018447875977,19.73474884033203,0.2257227897644043,16.39061164855957,9.453758239746094,12.808709144592285,2.288609743118286,12.345108985900879,5.206381320953369,11.738065719604492,10.619670867919922,9.98486328125,5.720485687255859,10.684457778930664,5.812364101409912,9.234611511230469,-0.6902493834495544,9.781813621520996,0.3789563775062561,0.24720753729343414,0.4061615765094757,0.25623875856399536,0.44379833340644836,0.2588672339916229,0.5316523313522339,0.27566346526145935,0.6192181706428528,0.31295332312583923,0.6460103392601013,0.31534358859062195,0.5719810724258423,0.30628538131713867,0.4883776605129242,0.27619102597236633,0.4773212969303131,0.28722459077835083,0.4618346095085144,0.28149503469467163,0.46737435460090637,0.26841557025909424,0.46232935786247253,0.2976112961769104,-0.0724755962807427,0.08654078557670511,0.0818418717631536,0.08292554097901461,-0.03368851261706522,0.06482920386502748,0.042211883174811435,0.10667351437970071,-0.022172150820474735,0.05160038069839426,0.014479027523917925,0.03163568082617684
Anne-Marie,FRIENDS,hits,Anne-Marie - FRIENDS.wav,95.703125,1.6933212280273438,1.5713820457458496,0.6353823953823954,0.03211768095653633,3088.244380899597,971.1566958994043,2829.2323019648948,396.37099693533526,6341.353321370695,1769.528558419236,19.883359020981352,5.874681371865045,18.53202789828258,5.308671760472913,19.33637861221994,4.965831472871356,18.911870389759986,4.517512522507452,19.901899608500816,4.160762655639337,22.070189281359394,5.77775611078449,19.6484731322386,4.172728323103687,0.1399832805243808,0.08631089890804436,0.2615106999874115,0.0886642336845398,-37.228214263916016,55.53076171875,54.81334686279297,35.43809127807617,-10.337141036987305,30.336313247680664,3.853013753890991,24.885848999023438,-1.6968525648117065,19.179872512817383,-3.295574188232422,16.000364303588867,5.947608947753906,14.907917022705078,-10.279157638549805,15.59996223449707,-8.089069366455078,11.974882125854492,-0.7136712074279785,12.797904968261719,-17.995216369628906,11.341523170471191,-6.341723442077637,9.618406295776367,-16.459165573120117,10.563933372497559,0.4788604974746704,0.38687774538993835,0.34220466017723083,0.27389848232269287,0.34635627269744873,0.3557957708835602,0.2469097375869751,0.24160286784172058,0.3367635905742645,0.327615350484848,0.21788804233074188,0.21170338988304138,0.1945907473564148,0.22039231657981873,0.2217782586812973,0.2418789267539978,0.2783508598804474,0.2286853939294815,0.44805172085762024,0.37303534150123596,0.28945356607437134,0.24318347871303558,0.34483960270881653,0.31951284408569336,0.16302768634498355,0.173753732079811,0.0743357506058882,0.19336421396918488,-0.07962577411996527,0.20464235459508523,0.11296408247521894,0.16878572272163314,-0.007782333392646125,0.06247211540248254,0.04626841422550825,0.08634296690675394
Bankzitters,Harder Dan Ik Spenden Kan,hits,Bankzitters - Harder Dan Ik Spenden Kan.wav,95.703125,1.8043783903121948,1.944589376449585,0.625858777619575,0.01731368328944393,2926.510734893534,1087.4910208848446,2807.900483680463,536.5801025091096,6147.46282713332,2005.619430902821,20.404304331607392,5.460961179598406,15.268839899842462,4.468407963684937,18.378870720961334,4.378404227783419,17.90986267559453,3.7293948951816978,18.45936708416919,3.6586463909614033,19.998760395433603,6.143713461507614,18.77795921101755,4.189541071479454,0.11439802329237617,0.0784363609224554,0.28641435503959656,0.11784498393535614,-32.89427185058594,59.222320556640625,71.14129638671875,37.67314147949219,8.365800857543945,32.830562591552734,25.560752868652344,16.8038272857666,15.43222713470459,18.76694679260254,3.6971700191497803,15.934191703796387,4.5376739501953125,13.76369857788086,3.639801502227783,12.040363311767578,-7.463734149932861,13.094018936157227,7.540971755981445,10.73660659790039,-4.9974517822265625,11.046348571777344,6.84316349029541,11.337299346923828,-4.8254313468933105,9.307753562927246,0.38873064517974854,0.26125001907348633,0.3191576898097992,0.23045171797275543,0.35508179664611816,0.2684127688407898,0.43672728538513184,0.2732088565826416,0.5712383985519409,0.3167252838611603,0.43042874336242676,0.27590617537498474,0.4154755175113678,0.27244773507118225,0.4468052089214325,0.2875545620918274,0.4359966218471527,0.29242920875549316,0.5096667408943176,0.335096538066864,0.46388447284698486,0.2866610586643219,0.5184834599494934,0.3149024248123169,0.19094129262033852,0.18117346052051211,-0.06863153987376501,0.11130715482088098,-0.019156243627237134,0.20965121842954781,0.14652735448547569,0.17513949048521463,0.037405868858056746,0.06641567449282937,0.015735987287148864,0.10037354069708851
Beezy2janky,Viral,hits,Beezy2janky - Viral.wav,99.38401442307692,2.056401491165161,1.8929108381271362,0.6061375661375662,0.02813656839394739,2938.007872745326,1333.8734442853386,2741.707750875822,546.1914058457537,6005.155354313806,2359.1575218901103,20.17570528424128,4.971928689349224,15.355800076369166,4.61325519116084,18.138021380143144,4.468998629987633,16.450761025421443,3.6645722603245776,17.79569677150358,3.4182021014880632,20.47761386955276,5.862045778212409,18.822763144274862,3.6723039022676547,0.13800445651122292,0.11193742590674409,0.17279215157032013,0.07759356498718262,-73.93595123291016,58.138553619384766,83.16498565673828,46.99220275878906,2.6686723232269287,30.206998825073242,3.4043679237365723,20.657804489135742,13.027008056640625,18.67304039001465,-0.8290203213691711,14.26220703125,-1.159225344657898,13.31296157836914,-0.4815412163734436,13.815890312194824,-12.904839515686035,13.15393352508545,5.081413745880127,12.236252784729004,-8.282414436340332,11.60140323638916,8.547246932983398,9.594950675964355,7.818320274353027,10.753989219665527,0.3850769102573395,0.2654781639575958,0.4241012632846832,0.2620687186717987,0.5995648503303528,0.30558812618255615,0.6120366454124451,0.3063336908817291,0.47564876079559326,0.3149397671222687,0.3960404098033905,0.3101178705692291,0.33206865191459656,0.2696572542190552,0.3291487991809845,0.2630701959133148,0.34760868549346924,0.2772287130355835,0.3654765188694,0.25607582926750183,0.43149474263191223,0.28635063767433167,0.4079967439174652,0.26829588413238525,-0.1411365623403172,0.16282698093737663,0.026620354073336207,0.07392562890799936,0.17913755098676365,0.21826620555372694,-0.008846217198023702,0.09413343513877678,0.005587071988900783,0.0416333100090657,0.07323255892659199,0.08040237283691375
Benson Boone,Slow It Down,hits,Benson Boone - Slow It Down.wav,95.703125,1.6855132579803467,1.470536470413208,0.6313851498046026,0.0453496810157943,2780.455048337319,1010.493050834608,2741.4885627716203,461.81070166426304,5817.664821376741,1856.7059044733255,21.616969179088404,4.198010319009554,17.973589021677448,4.467469011881765,21.761454777833837,5.093760056829493,20.268337179106222,4.211651178874041,20.7111519100552,4.477610558940055,20.052658316874222,4.521160987499061,20.530575381173676,4.581603616729351,0.11077257280379257,0.06292617321169833,0.20824310183525085,0.05837339907884598,-63.446624755859375,57.410945892333984,76.15584564208984,36.97193145751953,8.929777145385742,19.01911735534668,14.945460319519043,18.491832733154297,6.309459686279297,13.35527515411377,11.6738862991333,12.30370044708252,-12.829564094543457,12.005908012390137,-0.010345553047955036,10.119282722473145,1.0084826946258545,8.982608795166016,-13.095792770385742,9.806928634643555,1.3375409841537476,10.680168151855469,-4.292324066162109,8.008244514465332,-5.99288272857666,9.28441333770752,0.39296630024909973,0.3526880443096161,0.3221870958805084,0.3301309049129486,0.25019556283950806,0.21446968615055084,0.36789101362228394,0.35648903250694275,0.20734082162380219,0.20762936770915985,0.24250619113445282,0.30419254302978516,0.19259637594223022,0.20775865018367767,0.27632811665534973,0.26354166865348816,0.420860230922699,0.3840937912464142,0.302327424287796,0.2692827880382538,0.2923094928264618,0.3122657835483551,0.2472921758890152,0.23817047476768494,-0.3228912455260294,0.12696348737715168,-0.06876593342422241,0.16303115212605285,-0.03532834498438164,0.2540872113790163,0.2133121518497482,0.23247887271117829,-0.020183981995906042,0.11969189782932269,-0.03469540829737473,0.07448271499321034
Benson Boone,Sorry I'm Here for Someone Else,hits,Benson Boone - Sorry I'm Here for Someone Else.wav,151.99908088235293,1.4920951128005981,1.6135663986206055,0.39833668678739104,0.012716831417399075,2539.413471760611,821.9257831636588,2678.5612798066777,398.1206340975143,5548.8581134807955,1524.7410316663024,19.434230040418747,4.3630938533555925,13.81744310930802,4.011278414523839,18.07086905837809,4.419172635258336,17.241945919937212,3.9794769130292638,17.49054600583489,3.5090378100191604,16.22355777289436,2.7435425868624286,17.21573322173226,1.9871532860962653,0.09224925321691177,0.053044875978497295,0.2731669843196869,0.08143755048513412,-21.516401290893555,42.49606704711914,82.44081115722656,27.59028434753418,6.551502227783203,17.16140365600586,27.809301376342773,12.240405082702637,7.165868759155273,8.328630447387695,13.596434593200684,8.522839546203613,2.051135301589966,7.9671406745910645,6.861298084259033,7.121089935302734,2.9649953842163086,6.242861747741699,7.303220272064209,6.542219638824463,4.142776966094971,7.104741096496582,6.735891342163086,6.067538261413574,1.9843130111694336,5.745763301849365,0.3295494019985199,0.24875321984291077,0.4932309687137604,0.2897346019744873,0.6163468956947327,0.3468059003353119,0.4677148163318634,0.28051337599754333,0.5437399744987488,0.34805330634117126,0.4199918806552887,0.2717216908931732,0.44777846336364746,0.3215848505496979,0.3496430218219757,0.26124539971351624,0.35201141238212585,0.27010637521743774,0.3897435665130615,0.2821912467479706,0.32388627529144287,0.23713019490242004,0.3475036025047302,0.27163875102996826,0.08698018111011994,0.058995872832935045,0.007309008094494669,0.05219605873951607,0.025131863135348032,0.1018584612849722,-0.024963514902413112,0.08205839322726599,0.01617937673220807,0.040018186537830486,-0.008497531554984561,0.03186865975543621
Beéle,top diesel - 5020 RCRDS Sessions,hits,Beéle - top diesel - 5020 RCRDS Sessions.wav,129.19921875,1.5405768156051636,1.7098404169082642,0.46040816326530615,0.022689519620868452,2705.844122897789,902.2385194991575,2816.94386503859,517.6177341452915,5916.747555570337,1958.7942982916395,18.655821484863893,4.628175277655182,16.308193384626257,4.066069201235949,20.21782410985367,4.737421653678724,18.041188449835293,4.070674519131222,19.64427176571755,4.159621244201446,19.688905612871984,4.487767150780437,18.618391393773052,3.7825371946353386,0.11740820917182662,0.06300180609323099,0.24551326036453247,0.0972692146897316,-42.75893020629883,70.69036865234375,83.16939544677734,33.44411087036133,14.224334716796875,22.099821090698242,20.46762466430664,18.694007873535156,2.5562868118286133,12.371519088745117,7.645683765411377,10.743139266967773,3.7724313735961914,11.695051193237305,-11.085216522216797,12.113855361938477,4.6181559562683105,11.67313003540039,-0.05543307960033417,8.94143009185791,-3.544992208480835,7.643905162811279,5.116399765014648,9.13979434967041,-2.7752039432525635,9.105550765991211,0.3669646978378296,0.3114128112792969,0.25888916850090027,0.1998363882303238,0.378803014755249,0.34592747688293457,0.3001016676425934,0.21814300119876862,0.45365607738494873,0.3591292202472687,0.2799871563911438,0.2568661868572235,0.27263471484184265,0.2440395951271057,0.4207601547241211,0.36221134662628174,0.3131486177444458,0.24312113225460052,0.4004833996295929,0.335210382938385,0.27540308237075806,0.21798203885555267,0.37590697407722473,0.30513912439346313,0.1529083582208718,0.0840080685489101,0.07118854125888088,0.10373187947733457,0.02113180462020074,0.14824170674329668,0.03591181818415974,0.12926745268977397,0.012786030788077258,0.04541983682590539,-0.0026386813215561493,0.05298544543337104
Beéle,top diesel,hits,Beéle - top diesel.wav,135.99917763157896,2.120285749435425,3.274275064468384,0.44553287981859413,0.03356744419039009,2420.905533477626,1083.656783098241,2746.670302812651,604.5799198960057,5484.000172334559,2391.6150105320235,21.365323595321975,5.165888453121817,16.737950446007794,4.9892580168748095,19.211146296878795,5.2461136368683325,17.827054290129823,3.9712483699886194,18.026416983989893,3.9413678392421208,16.867009853745575,3.1744433299570205,18.140996489663067,3.477585605368273,0.0707127243372678,0.04973273865210121,0.3251616656780243,0.13683122396469116,-71.76203918457031,107.3194808959961,80.13971710205078,39.390323638916016,29.334352493286133,22.867143630981445,25.670955657958984,22.582855224609375,5.9542717933654785,13.567700386047363,12.402679443359375,12.506143569946289,0.29261425137519836,14.391386032104492,2.9502577781677246,12.193881034851074,7.452236652374268,12.685603141784668,-1.62944495677948,11.206701278686523,-5.664872169494629,10.127567291259766,0.8181132674217224,9.9468994140625,-5.130745887756348,9.679988861083984,0.38865044713020325,0.3159731924533844,0.303969144821167,0.2413952499628067,0.36700013279914856,0.3334672152996063,0.31244587898254395,0.25646838545799255,0.3682083785533905,0.3280584216117859,0.32569366693496704,0.2953947186470032,0.29251229763031006,0.2540932297706604,0.39165234565734863,0.3325197994709015,0.3936763107776642,0.2807215750217438,0.44795137643814087,0.34690162539482117,0.41079410910606384,0.32321619987487793,0.40471500158309937,0.30368393659591675,0.06317889248626954,0.0862656551362347,0.07246974206851524,0.09959658566576213,-0.026265806151589105,0.14972947634298964,0.0006747649028896398,0.12855502678402475,0.013139023766070974,0.04915564256071085,0.0022012587652388534,0.05974687483556953
Billy Idol,Eyes Without A Face - Remastered 1999,hits,Billy Idol - Eyes Without A Face - Remastered 1999.wav,86.1328125,1.4242682456970215,1.4601118564605713,0.6954929273296621,0.02678928503214689,2640.972196438133,882.1927874333735,2705.0650838991505,356.5121948051811,5728.4903606025055,1446.4550924479747,21.12290662664678,4.673530493334846,16.110653593623006,4.332097848806741,19.526842286206254,3.7227958524295484,17.96375723154075,3.1679081637203543,17.475721912379775,3.093082575916984,16.941944825401322,2.8305658707543393,18.64619720062413,2.667076166422475,0.09966115095297988,0.06420410343605254,0.14880597591400146,0.0674319714307785,-110.10232543945312,45.65229797363281,68.96636962890625,28.673114776611328,15.124051094055176,22.461423873901367,39.861785888671875,13.454750061035156,2.6747303009033203,13.748507499694824,14.708658218383789,10.83656120300293,3.6920297145843506,8.627429008483887,9.747269630432129,8.958991050720215,-0.7184495329856873,9.46749496459961,8.59801197052002,8.300440788269043,0.2371874302625656,7.703089714050293,3.549565553665161,6.621673107147217,-0.5664858222007751,7.6690239906311035,0.4444216191768646,0.2741738557815552,0.5224024653434753,0.31944969296455383,0.5207385420799255,0.30084288120269775,0.5557982325553894,0.2917540371417999,0.4151901304721832,0.2967447340488434,0.3235480785369873,0.23631751537322998,0.3920362591743469,0.29194334149360657,0.36450475454330444,0.2342483550310135,0.4501982033252716,0.3254944086074829,0.34114882349967957,0.2393258959054947,0.376421183347702,0.2400832623243332,0.49948686361312866,0.311548113822937,0.0015758356700994974,0.09717342219018035,-0.085657509632553,0.07390652453661775,0.004126566769295176,0.16034780423747272,0.05548704942131823,0.13404531898507843,-0.014378621862200108,0.05870598667951563,-0.023019238697341883,0.04024618220930888
Bruno Mars,Locked Out of Heaven,hits,Bruno Mars - Locked Out of Heaven.wav,143.5546875,2.0168774127960205,2.903690814971924,0.4082553220293092,0.011452436268496222,2424.1099519602567,999.2112578159631,2540.5017235949613,489.0733692838224,5148.493867761948,1888.4595162089759,16.084194561337974,4.522946502197892,14.46524041867882,4.553418289225391,19.144230615874182,5.614561770800196,19.60110260449859,5.405110666744753,18.679849908127544,4.3826044500820664,18.046411040461308,3.523122468296296,17.831902054480796,3.3924138446397345,0.10867507981811146,0.07414105693668879,0.23917634785175323,0.11016514152288437,-64.88652801513672,80.84309387207031,85.53864288330078,33.64163589477539,3.4591598510742188,23.19114112854004,27.56163215637207,17.23328971862793,5.345335483551025,12.054191589355469,12.436820030212402,11.151432991027832,-0.03695657476782799,11.482002258300781,3.1749751567840576,7.681479454040527,10.701144218444824,11.79619312286377,8.40568733215332,9.897851943969727,3.9265522956848145,10.447603225708008,5.692198276519775,10.079748153686523,-2.732570171356201,7.518039226531982,0.2741849422454834,0.25896942615509033,0.2891198396682739,0.2775837182998657,0.30730870366096497,0.2800033986568451,0.30191272497177124,0.270819753408432,0.4180409014225006,0.313311368227005,0.46813681721687317,0.3475755751132965,0.39054539799690247,0.2930225133895874,0.5002265572547913,0.3859780728816986,0.40793144702911377,0.2811445891857147,0.4886592626571655,0.3474094271659851,0.3154602348804474,0.2674420475959778,0.25313839316368103,0.23767736554145813,0.07754351019960985,0.08014714520578847,0.06835007621444267,0.09011099598613306,-0.012136617175883489,0.15637325747469824,-0.0012027882735162227,0.09070282641767972,0.02414263034928935,0.04018243926064738,-0.00143586352342098,0.051335675831313744
Bruno Mars,Risk It All,hits,Bruno Mars - Risk It All.wav,103.359375,1.214613914489746,1.1406917572021484,0.5859623849539816,0.039445318863733016,2091.8564436310794,1064.9950710759563,2351.0367303807607,546.5931254179078,4409.5816691962555,2039.1011684429338,22.803312298984768,5.274668545184719,19.743829515701087,4.63154152420437,22.766337215280817,4.6615191885367695,21.427142132259647,4.66900310946512,20.044286036553807,3.9261328445469457,19.831402244645858,3.8700004579372322,19.41272439901698,4.512987834258597,0.08162724639609133,0.0762029537457701,0.08656579256057739,0.052401214838027954,-229.94212341308594,88.78888702392578,92.81340026855469,45.231990814208984,13.697428703308105,30.102733612060547,32.180538177490234,18.66667366027832,2.8049869537353516,12.72756576538086,6.392241954803467,14.710119247436523,0.8615471124649048,12.440728187561035,-3.8885347843170166,11.037583351135254,-5.963713645935059,10.172752380371094,-4.651584148406982,9.729615211486816,-7.762677192687988,11.24724292755127,-5.47840690612793,10.33498477935791,-10.538982391357422,8.714652061462402,0.2020990401506424,0.21266630291938782,0.2866770625114441,0.2969425916671753,0.32621026039123535,0.3476974666118622,0.24981920421123505,0.20451395213603973,0.343070924282074,0.35449522733688354,0.23247815668582916,0.19348691403865814,0.3703913390636444,0.3569551110267639,0.3690810203552246,0.34361305832862854,0.2902148962020874,0.2883874177932739,0.3359248638153076,0.3646688461303711,0.29092860221862793,0.28877174854278564,0.35354653000831604,0.3474937379360199,0.31000053284957607,0.18931255030149519,-0.1485733590733976,0.17877955389899358,-0.0045525798964789815,0.25737622590822845,-0.023770102194688385,0.2311518303327294,0.02260358137813107,0.10298307826454615,0.013341806385390108,0.1221394829319892
Bruno Mars,That’s What I Like,hits,Bruno Mars - That’s What I Like.wav,135.99917763157896,2.1790502071380615,3.2807042598724365,0.4479204154780192,0.010539797537983682,2741.2297857122226,1151.8843707909562,2707.8648638001696,392.1174379723707,5763.990145940161,1834.1985561413487,17.467950401987515,5.953352158874495,15.79217868286841,5.407511181124293,17.966212412707172,5.2465593419943675,17.426147995046875,4.430687281163098,17.7505356580255,3.577508223283082,16.772612097693486,2.963697995268395,18.251604180331753,2.877813123289045,0.12002610717395511,0.10503634663601318,0.22327204048633575,0.11819526553153992,-84.50689697265625,87.50093078613281,68.71475982666016,39.43305969238281,7.5422492027282715,25.580026626586914,18.86043357849121,21.761962890625,2.9745852947235107,15.746618270874023,11.344436645507812,15.461214065551758,-3.1180224418640137,14.021267890930176,3.0660014152526855,11.895630836486816,1.233940601348877,12.30877685546875,1.528293490409851,10.954878807067871,0.13875611126422882,11.15087890625,2.525235652923584,8.382681846618652,-1.7927933931350708,8.914698600769043,0.4480132460594177,0.318282812833786,0.46483108401298523,0.3371545076370239,0.4029507040977478,0.3031245768070221,0.43094509840011597,0.3147493004798889,0.4449704885482788,0.3067585229873657,0.49298331141471863,0.3283868134021759,0.42309805750846863,0.30379173159599304,0.4120873510837555,0.28712406754493713,0.4951324462890625,0.3334229290485382,0.46319684386253357,0.31495264172554016,0.491538405418396,0.3402348756790161,0.43575960397720337,0.3140052556991577,-0.08527234667568255,0.0687460430583198,0.032702420020479135,0.08603358908703133,-0.05785226998000173,0.13632530198134815,-0.009152142954889971,0.13866022702373443,-0.009644723093824272,0.05410287244534325,-0.0073183535735357385,0.04284181836276935
Cage The Elephant,2024,hits,Cage The Elephant - 2024.wav,92.28515625,1.2462843656539917,1.2645909786224365,0.6637508987334771,0.03697296103933247,2700.6298924680177,459.32431023207835,2573.7907907460217,250.82043174627907,5570.599648679373,967.0165374212985,19.786792472407967,4.809821480797797,11.980595288152827,3.273409473122141,15.422548015613714,3.6224972859075386,15.013045736242313,2.615345396256928,16.317216807838875,2.430058775135165,16.557368001330246,2.2948716905557216,17.666612338864667,1.895736282051715,0.12780648340750775,0.04043085244451853,0.30581533908843994,0.0558076873421669,31.97584342956543,30.14251136779785,73.13876342773438,14.948312759399414,-15.002297401428223,12.678231239318848,34.898780822753906,11.845537185668945,14.201800346374512,8.997262001037598,10.730470657348633,7.977293014526367,0.4924422800540924,7.417567729949951,9.00603199005127,5.870588779449463,-0.751960277557373,6.420370578765869,4.4437336921691895,6.06065034866333,-0.3866446912288666,5.604722023010254,4.860157012939453,5.388207912445068,-1.2601150274276733,5.197906970977783,0.6335089206695557,0.25567975640296936,0.537286639213562,0.2547791004180908,0.48620766401290894,0.23696169257164001,0.47785094380378723,0.22434237599372864,0.5349413752555847,0.2246115505695343,0.5703315734863281,0.25896602869033813,0.5266961455345154,0.22781790792942047,0.563239336013794,0.2529065012931824,0.4960837960243225,0.2245630919933319,0.5624771118164062,0.24372081458568573,0.6178163886070251,0.2882329523563385,0.5644751191139221,0.24438601732254028,-0.04712094164893934,0.07526494631333544,0.09043578439929037,0.06802608137754344,-0.06592170021211305,0.09342361619048463,-0.0045179344278308015,0.13040852671098632,0.011492418681184748,0.046662745628864924,0.005471530319955692,0.041697418762029814
Chappell Roan,Pink Pony Club,hits,Chappell Roan - Pink Pony Club.wav,151.99908088235293,1.343746542930603,1.2316900491714478,0.38689464975179266,0.0248206256745464,3040.44298116576,1134.0088416484293,2718.2357478833806,422.811795218582,6101.479771853232,1909.432165018118,22.579143920317033,4.696750395670038,19.853720284224828,4.8261964888217,22.362686176617157,4.40047848187763,19.602682010859937,4.138889276060084,19.475092804010075,3.8661663080563624,20.186833279905784,4.470384993845586,19.80002673455931,5.422781036411408,0.14205205108359134,0.10199314133632266,0.07185458391904831,0.019845804199576378,-170.76547241210938,62.48779296875,52.63294982910156,39.344322204589844,4.971290111541748,22.506454467773438,38.92364501953125,19.35542869567871,20.52974510192871,15.39706802368164,6.285838603973389,17.604732513427734,-1.934438943862915,11.415017127990723,-0.9233902096748352,11.194901466369629,-10.62596607208252,11.229756355285645,1.2085227966308594,8.991900444030762,-11.346331596374512,9.41826057434082,-5.860599040985107,9.29478645324707,-11.645744323730469,8.123926162719727,0.2643622159957886,0.2631794214248657,0.3516831398010254,0.30724388360977173,0.36068272590637207,0.3262447714805603,0.2939179241657257,0.2576017379760742,0.3260475695133209,0.3095342814922333,0.30173924565315247,0.2847173810005188,0.3576645851135254,0.3335718512535095,0.3055592179298401,0.2663332521915436,0.3886909484863281,0.28901946544647217,0.48733019828796387,0.35549020767211914,0.3188442885875702,0.2657550573348999,0.26289069652557373,0.2724536061286926,0.1688459087341256,0.22401198804250264,-0.17189175762141004,0.16928015958286252,-0.1213671450970639,0.26167249439079904,-0.10826697814654652,0.2087333237981465,-0.013639410436221768,0.09965840933011699,0.0411034434592375,0.08243749897480189
Chappell Roan,The Subway,hits,Chappell Roan - The Subway.wav,83.35433467741936,1.263938307762146,1.0586116313934326,0.7243127788749909,0.03031493365097602,2666.3753845090155,802.6460802346392,2861.8253463024967,349.06648366200545,6040.92180470564,1596.2527821329902,19.476839258960858,4.788835078785748,16.799908075780106,4.619017487800047,19.85217664808708,4.462699722433852,20.140495871476237,3.6745242708132873,18.95985427379008,3.3812744035387796,17.31954963315922,2.911705581686436,17.25218877426267,2.758018603674547,0.1055594523993808,0.06704175982805115,0.18393290042877197,0.05748017132282257,-62.1867790222168,50.35906219482422,80.48975372314453,22.97107696533203,8.328997611999512,17.3171443939209,17.070972442626953,14.008082389831543,10.830414772033691,10.428122520446777,3.2207987308502197,12.43752670288086,5.324513912200928,9.570965766906738,2.642031192779541,8.30693244934082,3.7459678649902344,7.922691822052002,3.057185411453247,8.62777042388916,-6.507720947265625,6.202724456787109,1.8069603443145752,6.933402061462402,-1.9357991218566895,7.855702877044678,0.3397230803966522,0.3538568913936615,0.31170201301574707,0.24666395783424377,0.5379979610443115,0.3606128990650177,0.4591648280620575,0.3313988745212555,0.259991854429245,0.24318762123584747,0.28751200437545776,0.3121565282344818,0.19468995928764343,0.20963004231452942,0.21225617825984955,0.24854178726673126,0.19546711444854736,0.22158117592334747,0.3066220283508301,0.28270119428634644,0.35376936197280884,0.3240048587322235,0.22435708343982697,0.2123461663722992,-0.0913469739554754,0.18314514005318316,0.1947860178375066,0.10830338749568647,0.047162547500676937,0.17978333332626809,-0.08207883296430661,0.20987394073211565,0.0006867476034244611,0.06839104470944603,0.02520200360768946,0.09725882472081505
Charli xcx,Apple,hits,Charli xcx - Apple.wav,123.046875,1.8630754947662354,2.4544942378997803,0.47600907029478456,0.011609977324263906,2379.4821911058802,981.1185817209042,2789.9460268606736,485.4525458028297,5439.917105565499,2020.7731247651104,21.41392635306931,5.006351283118962,14.875961255134706,4.420297284283583,18.028046230736063,4.645692609807122,17.32481120808029,3.9098749446232164,18.361098439793555,3.7631651371333095,18.83224642879101,3.9303476620978395,20.33613070103377,4.76040782539148,0.07100410579527863,0.06443159099529058,0.3322538137435913,0.14231160283088684,-54.692100524902344,60.275001525878906,87.30422973632812,32.449012756347656,18.271228790283203,19.692550659179688,21.28557014465332,15.798986434936523,16.30234146118164,10.94176197052002,11.686729431152344,13.279150009155273,9.469749450683594,13.46486759185791,5.19586181640625,13.168030738830566,3.7868447303771973,10.977506637573242,6.803958892822266,9.72987174987793,0.6931086182594299,8.782246589660645,3.1415939331054688,10.826898574829102,-1.6361573934555054,10.91296100616455,0.5148552656173706,0.3399299085140228,0.40963301062583923,0.2727687358856201,0.4327987730503082,0.32042574882507324,0.37583085894584656,0.2572367489337921,0.45273128151893616,0.2841799557209015,0.5234260559082031,0.33410704135894775,0.4663621783256531,0.2675530016422272,0.5488896369934082,0.3233640491962433,0.4679759442806244,0.2855874300003052,0.4563561677932739,0.32654738426208496,0.37873417139053345,0.28622737526893616,0.41622111201286316,0.29543113708496094,0.037506997818921445,0.07164995235462632,0.08023035914453186,0.06867490586269141,-0.037849209136575176,0.11662631567689113,0.020302217831076146,0.06661662433381359,-0.008755757726439911,0.041775566660727945,-0.00877731435868419,0.037301600309819306
Clean Top Hits Playlist,Todays Top Hit Songs,hits,Clean Top Hits Playlist - Todays Top Hit Songs.wav,135.99917763157896,1.4652529954910278,2.2578654289245605,0.43501133786848073,0.017044433047142152,961.8074526235544,658.6580849303907,1277.737854225765,672.0523175184667,2043.945973871662,1695.1567783238158,22.90278457509044,5.149944338046117,15.856495411666046,4.584223313084094,19.354930630250486,5.449216752240104,18.17365793616825,5.0031897026492125,18.907164117958327,5.015796102250795,18.04166089621494,3.203266428308746,27.08099067180572,7.016813416523165,0.037687224869388546,0.029473331458534133,0.27721595764160156,0.10545223951339722,-165.43423461914062,74.50025939941406,166.79348754882812,47.81939697265625,13.731124877929688,32.225128173828125,36.725955963134766,29.68919563293457,4.159144878387451,20.728296279907227,16.12165641784668,15.336268424987793,0.25734519958496094,12.81185531616211,3.8188717365264893,11.210235595703125,1.3091105222702026,8.698488235473633,5.471878528594971,8.812265396118164,-0.08363642543554306,8.9840669631958,3.6464321613311768,8.30254077911377,3.4657816886901855,7.484536170959473,0.38037198781967163,0.2757120430469513,0.37046128511428833,0.3486529290676117,0.3163394331932068,0.278120756149292,0.388520747423172,0.32927462458610535,0.21536174416542053,0.23059703409671783,0.21197561919689178,0.20215953886508942,0.3684408366680145,0.3507150113582611,0.2995045781135559,0.24028223752975464,0.38525089621543884,0.3820251524448395,0.30232173204421997,0.2673642635345459,0.3473679721355438,0.25020742416381836,0.5244626998901367,0.3782927095890045,0.024219159361576804,0.0914904840130091,-0.11641165501593947,0.06969207190778029,0.06865865320086877,0.2221216408234729,0.05808681707783064,0.16914676434044015,-0.028226916794148484,0.0666129692588167,0.04219764218337314,0.06277562159901962
Connor Price,Back on Tour,hits,Connor Price - Back on Tour.wav,129.19921875,2.50836443901062,3.218459367752075,0.46479943701618576,0.01583764283018932,2556.1381259390287,1273.9720522010532,2752.2594452331105,553.1471108922451,5479.250201056985,2453.433585126889,20.640478234215276,4.292792792431056,16.138173095433228,5.397730592802362,18.315706286291935,5.134401976316606,15.84233310309886,3.8995533999452685,16.85541203214412,3.0381048125804115,18.564432599834145,4.406115670221852,17.19089238244357,2.8142322841870326,0.08719712957140092,0.08117480284388695,0.26230353116989136,0.16352829337120056,-96.35746765136719,78.06973266601562,77.79975128173828,43.77924346923828,25.94038200378418,35.98879623413086,31.59710693359375,24.323684692382812,21.347827911376953,20.87270736694336,4.362553596496582,19.885643005371094,2.58389949798584,15.242624282836914,3.777454137802124,13.607147216796875,0.2651858627796173,11.595911026000977,1.3223203420639038,11.54098892211914,-3.7044856548309326,10.820321083068848,4.156886577606201,10.787538528442383,-3.206758499145508,8.377462387084961,0.40524548292160034,0.2717457115650177,0.45263972878456116,0.2957518398761749,0.4920463562011719,0.30067628622055054,0.5319356322288513,0.3103581964969635,0.49229180812835693,0.3153207302093506,0.415721595287323,0.2941035330295563,0.39356619119644165,0.2893781363964081,0.4415714144706726,0.3007674515247345,0.5259543657302856,0.33637598156929016,0.5822538137435913,0.3368428945541382,0.5503493547439575,0.304889053106308,0.4386318325996399,0.27959388494491577,0.004350595178825626,0.1069497695975058,-0.02467893324836473,0.05058212305421437,-0.047937347127295395,0.1245762081033291,0.022058406676779302,0.12136803865510268,0.00455583320749771,0.04672694989941784,0.03306149474073758,0.039579778346385694
Drake,NOKIA,hits,Drake - NOKIA.wav,63.02400914634146,1.6602779626846313,1.7246092557907104,0.9430297710482043,0.05027999977049957,2937.0279501290406,1060.4005820067707,2935.0631542998503,431.71883564256234,6425.236147476055,1813.0096450271544,20.842608009326415,4.881183509967898,14.41317011214858,4.506400600123838,20.085658017701938,4.852533183626069,17.642652857000098,3.934704936280827,18.122437253618706,3.4124902715451384,17.9185616988273,2.830340477466801,18.766968349106552,3.149975765772957,0.11487194332914087,0.07994030417921236,0.31317076086997986,0.09855135530233383,-16.24735450744629,54.339900970458984,69.88705444335938,33.00724411010742,17.173927307128906,24.696035385131836,17.466167449951172,19.67702865600586,13.28209400177002,12.894665718078613,9.311397552490234,13.00272274017334,-0.04956243559718132,11.23897933959961,4.176267147064209,10.770421981811523,-5.945539951324463,10.563458442687988,1.8396549224853516,9.862879753112793,-1.8641544580459595,9.361679077148438,5.327475547790527,7.978837490081787,-1.2170829772949219,8.363532066345215,0.3771521747112274,0.2924940586090088,0.30407965183258057,0.25132837891578674,0.33679330348968506,0.28349006175994873,0.2929474115371704,0.24486269056797028,0.35538551211357117,0.2688348591327667,0.37981492280960083,0.2835499942302704,0.38187482953071594,0.2654769718647003,0.5156232118606567,0.29818087816238403,0.5727689266204834,0.2702604830265045,0.6918428540229797,0.3241906762123108,0.47752583026885986,0.2590686082839966,0.37833327054977417,0.2667959928512573,-0.0023762754001588043,0.09593941269086202,0.06907412108073625,0.059745276971095475,0.038011121160664185,0.08611789340294715,0.1316411003413467,0.11204958065555187,0.0046936665615761415,0.0308730292213779,-0.040240042485298735,0.041718495387189955
Dua Lipa,Houdini,hits,Dua Lipa - Houdini.wav,117.45383522727273,1.6141512393951416,2.020742893218994,0.5087657920310982,0.018239537630930395,2619.1953019119096,878.662577695823,2742.3194939536215,434.209652528412,5864.006207823384,1668.9317531629622,18.739780309119148,5.08146375003555,14.539640224995185,4.194982074008611,17.33014586998292,4.779420426008261,17.76818545994057,3.9020011205296936,18.00278576411795,4.187416538507696,17.244393577989808,3.328417769230116,18.91767536969636,3.25939698778492,0.10748612253289473,0.06865008382905653,0.2620941996574402,0.1333717554807663,-39.13776397705078,71.47086334228516,83.73301696777344,29.47128677368164,9.36257553100586,20.88819122314453,12.963456153869629,18.693763732910156,-0.9855142831802368,12.248678207397461,13.365985870361328,14.114767074584961,-1.0991804599761963,11.075093269348145,3.5847439765930176,12.281242370605469,-1.052642822265625,8.584883689880371,3.755321979522705,9.311570167541504,-3.107815742492676,8.111968994140625,2.721419334411621,7.850872039794922,-7.389785289764404,8.13383674621582,0.4766162931919098,0.34018567204475403,0.46074390411376953,0.2542175352573395,0.6643007397651672,0.3339844346046448,0.4665702283382416,0.2874780595302582,0.4800620973110199,0.3118070960044861,0.39208513498306274,0.27802541851997375,0.33222389221191406,0.23253236711025238,0.43417349457740784,0.3048350214958191,0.3486176133155823,0.23521427810192108,0.4825606644153595,0.3057642877101898,0.37010061740875244,0.2655285596847534,0.3656490743160248,0.2602841258049011,0.14930002351534963,0.08627365047269524,0.08695703417851045,0.08011959417310398,-0.06441932745802685,0.08237907908730906,-0.08925237979714007,0.1290060256726114,-0.0382781087094008,0.04788214234135282,-0.02300183988055904,0.037443363332145166
Ed Sheeran,Shivers,hits,Ed Sheeran - Shivers.wav,143.5546875,1.9949301481246948,2.7160210609436035,0.4258182452468167,0.011718017606182645,2798.744600416506,1099.2580637447263,2752.3614264806515,501.22956728267377,6047.6967637383905,2037.5969550725404,19.499506547792457,5.446912561683943,16.64847676535461,5.353119303481577,19.230330257724397,5.3890051774041705,17.6618699993072,4.671220702259542,18.269754601903394,4.162671363571313,18.49409863338907,4.617273636058226,18.82795846855249,3.6069535548031295,0.12044976296439629,0.0945877057502917,0.2624552845954895,0.12612998485565186,-55.1221923828125,77.0186538696289,69.52415466308594,36.452877044677734,6.317929267883301,31.694793701171875,18.014467239379883,21.791500091552734,5.029947757720947,18.425514221191406,-4.091402530670166,14.853428840637207,-5.397210597991943,12.998444557189941,-2.338028907775879,13.090120315551758,-11.92976188659668,10.618951797485352,5.697497844696045,10.690861701965332,-3.089254856109619,8.823431968688965,5.578108310699463,9.033935546875,-2.2139670848846436,10.966777801513672,0.29895496368408203,0.26939910650253296,0.3840807378292084,0.318065881729126,0.47927942872047424,0.3845505714416504,0.288132905960083,0.24263286590576172,0.32491984963417053,0.3395434319972992,0.25939109921455383,0.24120673537254333,0.33084967732429504,0.31795960664749146,0.2740316390991211,0.26817265152931213,0.32312607765197754,0.2755042016506195,0.416888952255249,0.35443225502967834,0.32473546266555786,0.25521039962768555,0.3578648269176483,0.34060347080230713,0.19546402149307854,0.15812374385442887,-0.058983005369658885,0.20619716109568742,-0.007239199216815302,0.28912851518180904,-0.09811706347938906,0.19050053773844813,-0.03250715213887739,0.10530109318029196,-0.010034371630379475,0.09173462302337401
Green Day,Basket Case,hits,Green Day - Basket Case.wav,112.34714673913044,1.56697678565979,1.5221256017684937,0.5289618937005697,0.03343806994123003,2310.043995211306,882.2567049222635,2181.295755453117,480.24332384879824,4585.088941261126,1571.2298856752357,20.61520627552394,4.679002248987804,15.099615668941912,3.996975565532766,17.535377359195213,4.604769759077087,17.061064867299233,4.208471658169414,17.596416693223144,3.616325443150656,18.853569660627443,3.4029088286025932,21.13009676897328,5.335674566317535,0.11980161873548761,0.06905410924708863,0.17815488576889038,0.08998039364814758,-64.39717102050781,81.02640533447266,98.72142028808594,37.24864196777344,-25.92066192626953,27.96302604675293,32.81711959838867,14.974364280700684,-2.025646448135376,13.130651473999023,10.664685249328613,9.830743789672852,-6.004237174987793,9.796195030212402,-2.944460153579712,8.443915367126465,-5.841386318206787,9.760137557983398,-0.0295857060700655,10.561086654663086,-4.78338623046875,7.276422500610352,2.213988780975342,6.808809280395508,-4.9409708976745605,6.307162761688232,0.2955705523490906,0.2648167610168457,0.2919858992099762,0.2501573860645294,0.43510568141937256,0.3026949465274811,0.5113562941551208,0.3466215431690216,0.3815934360027313,0.243289053440094,0.42583945393562317,0.3399290144443512,0.327876478433609,0.2529965341091156,0.3519359529018402,0.3032020628452301,0.35575583577156067,0.28532665967941284,0.3901844024658203,0.25253692269325256,0.54977947473526,0.3229198753833771,0.35345378518104553,0.2437104880809784,-0.13134160429440644,0.11686635338026463,0.10057407338396993,0.09892431559326265,0.05910817585271327,0.1620866389114402,-0.08187272901583409,0.16470876638742987,0.00818134934735382,0.04550382731744033,-0.0001846525076365891,0.052222708323242016
Gunna,prada dem (feat. Offset),hits,Gunna - prada dem (feat. Offset).wav,123.046875,2.046276092529297,2.560997486114502,0.4920228321213542,0.014594723247137072,3007.9473474407127,1514.7573272522181,2884.1232808828727,721.8891794308432,6258.312156842589,2618.9428467837915,20.616463860639037,4.187388596343451,16.191838146748452,4.372267004908045,20.21358702069982,4.97949323911393,19.25042055831581,4.158012073150482,19.1679098423595,3.865832364091563,19.333684979331792,4.137399405161474,18.15203308961809,2.8879089549230956,0.11421170544698142,0.07934905843800691,0.20575404167175293,0.1307533234357834,-91.5409164428711,79.30718231201172,81.07782745361328,43.587745666503906,32.42558670043945,33.21517562866211,6.965673446655273,21.507654190063477,15.552305221557617,15.732869148254395,5.8288750648498535,11.661705017089844,2.788205862045288,12.294705390930176,10.659207344055176,11.429673194885254,-7.160206317901611,10.95413875579834,5.588406562805176,10.694562911987305,-4.477939128875732,9.523811340332031,6.816767692565918,8.858366966247559,6.015706539154053,9.109851837158203,0.2758186161518097,0.24324984848499298,0.3783642053604126,0.32411545515060425,0.2763383686542511,0.23395180702209473,0.3837432265281677,0.3006388545036316,0.396119624376297,0.26778754591941833,0.35624462366104126,0.27375057339668274,0.4178316593170166,0.345553457736969,0.4177100956439972,0.2894677519798279,0.6213712692260742,0.2930510342121124,0.582033097743988,0.33008667826652527,0.34709101915359497,0.28236275911331177,0.2909584045410156,0.2982703745365143,-0.0006548488945380448,0.1336264341798019,-0.27434267465342277,0.18279628799263048,-0.11140460293630546,0.15279868419692946,-0.06313599826841619,0.2716897895759791,0.03748468934061864,0.06705652562717028,0.0628829553217668,0.1288226585055615
HUNTRX,Golden,hits,HUNTRX - Golden.wav,123.046875,1.7688175439834595,2.081670045852661,0.4892485181206986,0.013657451505734162,2310.2253558616494,815.1540280935941,2721.2653672900583,480.39959479730373,5280.334737204915,1939.6933032121979,22.709317569289553,5.085676350685338,13.805672391028244,4.690987758057385,17.70685423065031,5.0811180004948975,17.823621661765344,5.160654070978571,18.543198018156126,4.445468399565217,19.10761454742431,4.840491119483388,18.90281532940673,4.010893928764785,0.07560196159055728,0.04943047159293283,0.3258117437362671,0.09866341203451157,-40.55513381958008,67.60401153564453,92.7625503540039,31.611255645751953,9.972587585449219,24.18640899658203,9.867069244384766,15.318891525268555,8.12234878540039,12.969849586486816,10.214791297912598,12.676243782043457,13.257734298706055,11.298344612121582,1.1427319049835205,10.126826286315918,10.242267608642578,9.56310749053955,16.48537254333496,11.05155086517334,-1.1572740077972412,9.35094928741455,8.840001106262207,8.23755168914795,-3.070873260498047,8.111305236816406,0.33985891938209534,0.28900057077407837,0.33006933331489563,0.24590255320072174,0.3828062117099762,0.3007528483867645,0.3567945063114166,0.2644846737384796,0.42062973976135254,0.3069285750389099,0.4006716012954712,0.29649385809898376,0.5047053098678589,0.3272421360015869,0.4991052448749542,0.3523124158382416,0.46687766909599304,0.29814088344573975,0.5852685570716858,0.34939447045326233,0.38163962960243225,0.23780955374240875,0.39833101630210876,0.2987133264541626,0.03369620045428794,0.04714047009174393,0.020732708507310592,0.058402396390754695,0.009373340155963415,0.07230486463473526,-0.021759515756528357,0.06605740690134622,0.010070610963977732,0.020207909668114293,0.011560137160540567,0.027184117189450966
HUNTRX,ゴールデン,hits,HUNTRX - ゴールデン.wav,123.046875,1.7688175439834595,2.081670045852661,0.4892485181206986,0.013657451505734162,2310.2253558616494,815.1540280935941,2721.2653672900583,480.39959479730373,5280.334737204915,1939.6933032121979,22.709317569289553,5.085676350685338,13.805672391028244,4.690987758057385,17.70685423065031,5.0811180004948975,17.823621661765344,5.160654070978571,18.543198018156126,4.445468399565217,19.10761454742431,4.840491119483388,18.90281532940673,4.010893928764785,0.07560196159055728,0.04943047159293283,0.3258117437362671,0.09866341203451157,-40.55513381958008,67.60401153564453,92.7625503540039,31.611255645751953,9.972587585449219,24.18640899658203,9.867069244384766,15.318891525268555,8.12234878540039,12.969849586486816,10.214791297912598,12.676243782043457,13.257734298706055,11.298344612121582,1.1427319049835205,10.126826286315918,10.242267608642578,9.56310749053955,16.48537254333496,11.05155086517334,-1.1572740077972412,9.35094928741455,8.840001106262207,8.23755168914795,-3.070873260498047,8.111305236816406,0.33985891938209534,0.28900057077407837,0.33006933331489563,0.24590255320072174,0.3828062117099762,0.3007528483867645,0.3567945063114166,0.2644846737384796,0.42062973976135254,0.3069285750389099,0.4006716012954712,0.29649385809898376,0.5047053098678589,0.3272421360015869,0.4991052448749542,0.3523124158382416,0.46687766909599304,0.29814088344573975,0.5852685570716858,0.34939447045326233,0.38163962960243225,0.23780955374240875,0.39833101630210876,0.2987133264541626,0.03369620045428794,0.04714047009174393,0.020732708507310592,0.058402396390754695,0.009373340155963415,0.07230486463473526,-0.021759515756528357,0.06605740690134622,0.010070610963977732,0.020207909668114293,0.011560137160540567,0.027184117189450966
Joyner Lucas,One Of Them,hits,Joyner Lucas - One Of Them.wav,123.046875,2.0718514919281006,2.286067485809326,0.48343184268242817,0.015452905040934443,2760.679256056116,1014.3760722240975,2796.1717709119994,527.1928147851504,6016.830283717105,1995.6899813233208,21.360141681873955,4.633972971840745,14.2495183134035,4.418161300173231,16.69346008165561,4.02466239200443,16.498731932621638,3.1829986659686544,17.25721796524126,2.906593584161814,18.439549719553796,3.453693960828074,18.820212024516856,3.7884073868425174,0.09135810214299536,0.07735708627049484,0.3749140799045563,0.12101290374994278,-17.57964515686035,56.40606689453125,74.78121948242188,34.726646423339844,-2.6142501831054688,29.02079963684082,7.636526584625244,19.356752395629883,6.983186721801758,17.41146469116211,4.295898914337158,15.062657356262207,6.122768402099609,13.304788589477539,12.509513854980469,13.07942008972168,-4.84510612487793,12.741414070129395,10.75780200958252,11.601739883422852,0.07943513244390488,11.665497779846191,7.780463218688965,10.26954460144043,1.9417681694030762,9.932500839233398,0.48485997319221497,0.2879711389541626,0.5084583759307861,0.28198423981666565,0.5039289593696594,0.26815134286880493,0.5504688620567322,0.2612432837486267,0.5692685842514038,0.2795823812484741,0.5670532584190369,0.28648266196250916,0.5340198278427124,0.2849813997745514,0.5356640815734863,0.26772359013557434,0.5277183651924133,0.2721315920352936,0.5282418131828308,0.2682134509086609,0.5548445582389832,0.27796465158462524,0.48180386424064636,0.2764263153076172,-0.17934924071597153,0.2026636182204987,0.020678756551032147,0.10431696650207709,0.12528062503728626,0.27243757918961686,0.0021459255295430807,0.09940978506235515,0.015826799068585175,0.026207576062136497,0.09196954443767867,0.09495599264873417
Kal Banx,400,hits,Kal Banx - 400.wav,151.99908088235293,1.8327821493148804,1.8873084783554077,0.39442114745441553,0.01358472727621545,2812.51824702493,1056.2149109674358,2616.1671723827058,567.5493772729659,5631.015950016931,1955.2256825540267,19.579511029767477,4.618152708456667,14.652241085193513,3.9816123229394957,18.376576317322705,4.4157723757525575,17.988762674313843,3.796421386825925,17.80054321438105,2.7385494864669524,17.86394941124183,2.7460643012930706,18.547065398551613,2.964224888516747,0.12153781383030186,0.06575839750227885,0.25403112173080444,0.10360947996377945,-37.11225509643555,50.336936950683594,73.06826782226562,33.68174743652344,-5.632446765899658,40.940189361572266,15.953948974609375,19.814382553100586,10.331524848937988,15.804388046264648,7.956026077270508,15.066232681274414,-6.952066898345947,12.06066608428955,11.78264045715332,13.273713111877441,-4.403667449951172,9.576336860656738,5.208809852600098,8.745725631713867,2.1673851013183594,10.8333101272583,2.387634754180908,9.842257499694824,2.7335598468780518,10.947282791137695,0.30494335293769836,0.25555750727653503,0.3509317636489868,0.2772206664085388,0.32968395948410034,0.26269471645355225,0.39844486117362976,0.27404025197029114,0.4772834777832031,0.31420427560806274,0.46698635816574097,0.3102797269821167,0.5282436609268188,0.35007259249687195,0.572529137134552,0.32581382989883423,0.5068997740745544,0.3075094521045685,0.36641019582748413,0.27628079056739807,0.3573589324951172,0.27562209963798523,0.3891834616661072,0.3213413655757904,0.007789515994069995,0.07740481088434777,-0.1768591413432345,0.16720782190764694,-0.0011322516331675064,0.0883873594308363,-0.11493176258394064,0.20543982377640743,-0.0013117106685241824,0.044855340601778794,0.06502018927067776,0.0835830661362487
Kal Banx,BACK IT UP,hits,Kal Banx - BACK IT UP.wav,135.99917763157896,2.023387908935547,2.1679885387420654,0.42835617829221245,0.015162036269488597,2473.5278408619683,1123.8426180584438,2894.217980779214,596.5342185514218,5857.03125,2245.0375946077356,21.59074507734428,5.188552331885346,15.404472387972788,4.397330666788445,18.96189956078203,4.346982269481771,17.811577897823952,3.9765815697946487,18.28370335120072,3.5104303846855,18.487094470036006,3.271796007507468,18.2673197319144,2.235184779069748,0.05881559295181889,0.05158012137299148,0.36588090658187866,0.0962434932589531,-69.81932067871094,65.12702941894531,84.49150085449219,39.55660629272461,48.80803680419922,34.90827941894531,19.55998992919922,18.005290985107422,11.403364181518555,16.068275451660156,18.265869140625,17.159809112548828,1.5819957256317139,16.366994857788086,7.334989547729492,13.84810733795166,-0.1900513768196106,11.901631355285645,18.857606887817383,12.731898307800293,5.714329242706299,9.743470191955566,9.468876838684082,10.028088569641113,0.5038447380065918,9.471146583557129,0.4615786671638489,0.2893817126750946,0.45125916600227356,0.25816473364830017,0.5572167634963989,0.27993103861808777,0.6285889148712158,0.2792923152446747,0.5139053463935852,0.2550560235977173,0.5338616967201233,0.30649495124816895,0.5006144046783447,0.2448786348104477,0.6430959105491638,0.29259344935417175,0.4989025592803955,0.2626740634441376,0.4137805700302124,0.2529747486114502,0.4342043399810791,0.2616647481918335,0.4466843605041504,0.26792922616004944,-0.0024378964003917286,0.08596226156530534,0.04532010169436176,0.1960502346782872,-0.07446122247705582,0.21268101053726646,0.026673819924179554,0.22419961374016079,0.03565253688140541,0.06455895587112116,-0.018072141489034153,0.10008629405348478
Lil Durk,Viral Moment,hits,Lil Durk - Viral Moment.wav,161.4990234375,2.080026149749756,1.9484516382217407,0.3741645856654898,0.021219565134850966,2526.783397905409,1181.3818921039144,2663.9428642992366,567.103380997678,5363.734232899575,2265.1024551504424,21.122670002657966,5.189213095946492,15.362797784773493,4.1071558296977955,19.086527944164157,4.7603178784446225,18.281975673361558,4.056772106837437,19.00655569559326,3.7573951594308315,19.374037393751596,4.400472714895464,18.329978779071705,2.6239952930182486,0.0819601997871517,0.0676240273962838,0.2850654721260071,0.13857883214950562,-85.22928619384766,57.546627044677734,77.935302734375,42.74429702758789,15.514314651489258,32.13911819458008,26.69123077392578,22.494060516357422,18.475910186767578,18.858449935913086,9.957588195800781,17.550867080688477,4.999188423156738,14.621343612670898,12.851348876953125,13.217679977416992,-2.6973752975463867,11.639473915100098,12.58660888671875,11.341713905334473,3.2552225589752197,9.71163558959961,8.553475379943848,9.048735618591309,5.376147270202637,10.045092582702637,0.5637691617012024,0.2860186994075775,0.4743625521659851,0.25460031628608704,0.4824198782444,0.2482435256242752,0.5127280950546265,0.269578754901886,0.575447678565979,0.29415735602378845,0.6858182549476624,0.31273072957992554,0.566620945930481,0.2772173583507538,0.5560250878334045,0.2775265872478485,0.5650145411491394,0.2905696928501129,0.5275779962539673,0.25232404470443726,0.6088265180587769,0.2731455862522125,0.51650470495224,0.24357011914253235,-0.20114469488940404,0.1202013297670341,-0.049191910375161005,0.2895107344015044,-0.28809127503870546,0.2873864246366923,-0.02896212629203371,0.07410964165202776,0.024900630495954618,0.13919896605486015,-0.054539243279566704,0.09126749135051467
Low G,Nét,hits,Low G - Nét.wav,99.38401442307692,2.2071354389190674,2.941676616668701,0.6248747795414462,0.023892480702357267,2412.6443625814513,1220.3429167706004,2539.9735252295377,618.8230299491755,5025.35294571159,2449.4415019896524,20.855099409869233,4.704698469155947,16.356609795165,4.990950265196065,18.2359961424507,5.1077592638389655,16.972077097343043,3.778888121944897,17.547233388999988,3.222427555607333,19.109033965102252,5.183759158259561,18.141840423488144,3.3627975236469156,0.09535581039570433,0.07835623155902124,0.2077261209487915,0.12289535999298096,-91.70661163330078,89.79015350341797,88.41423034667969,45.26940155029297,6.734425067901611,28.642213821411133,14.827644348144531,22.07536506652832,8.774645805358887,19.03882598876953,2.1287670135498047,18.3035945892334,2.8231923580169678,13.285174369812012,3.141714096069336,13.638509750366211,-6.60454797744751,14.243793487548828,7.373682022094727,11.35762882232666,-1.8647764921188354,11.98678970336914,-1.9694446325302124,9.55909538269043,-1.6757608652114868,10.696040153503418,0.3888746500015259,0.3121894299983978,0.38408178091049194,0.3044700026512146,0.37646639347076416,0.29135823249816895,0.3806849420070648,0.29578354954719543,0.4204874336719513,0.3032781481742859,0.45783284306526184,0.3043701648712158,0.4254942536354065,0.27519655227661133,0.48942458629608154,0.3333239257335663,0.4421769380569458,0.2777286469936371,0.4732816219329834,0.32475411891937256,0.4891999065876007,0.34342119097709656,0.3686577081680298,0.2750524878501892,0.03839021911428809,0.08899992089979511,0.06434158685333216,0.10579003490833766,0.007778833096561088,0.15971644599667115,-0.06420046026024138,0.15274817497537568,0.014264680751000701,0.06631431026868204,-0.011290048029480528,0.05148349645969313
PinkPantheress,Stateside + Zara Larsson,hits,PinkPantheress - Stateside + Zara Larsson.wav,123.046875,1.8899319171905518,2.44075083732605,0.4849100529100529,0.015339041036272648,2254.685154442191,1080.3817779374306,2724.7797572397385,606.5096387429703,5133.360625937258,2416.2775018421094,21.06173516134391,5.884685132800018,16.295308304195157,6.515547307394277,19.01837793468132,6.0558117656086345,18.787425663845113,5.168574288092013,19.071713581248293,4.277370659408529,19.375545658049823,4.279933940789611,19.38105694545029,4.623823606302443,0.0739802782749613,0.08972873617581853,0.1300947070121765,0.060602493584156036,-162.32704162597656,75.54528045654297,92.62551879882812,38.17204284667969,8.467645645141602,23.150060653686523,12.103251457214355,19.289764404296875,12.397031784057617,13.428385734558105,-0.1275346577167511,18.339887619018555,7.919878005981445,12.062750816345215,-0.2997291684150696,14.313088417053223,9.904309272766113,11.086003303527832,2.2982022762298584,11.4068021774292,1.6188322305679321,9.111433029174805,1.796198844909668,8.719961166381836,0.8460767269134521,8.41588020324707,0.4203203022480011,0.30815476179122925,0.4249381422996521,0.3199392259120941,0.39924147725105286,0.29363587498664856,0.4999692440032959,0.38665318489074707,0.41048210859298706,0.2983470857143402,0.4591396152973175,0.3247436583042145,0.3715640902519226,0.2828737497329712,0.35346710681915283,0.2694821357727051,0.43707889318466187,0.32725492119789124,0.43820255994796753,0.30726808309555054,0.5229683518409729,0.34763428568840027,0.4259520173072815,0.3080368638038635,-0.11102432482526334,0.12293659219341513,0.026203796523873994,0.0904071059031856,-0.008286337977298872,0.14339826252477475,-0.03849351446680647,0.12534033598559277,0.0141329335903035,0.042090700178777765,0.002320134656715848,0.05604048238305498
Queen,I Want To Break Free - Remastered 2011,hits,Queen - I Want To Break Free - Remastered 2011.wav,107.666015625,1.4995898008346558,2.398643732070923,0.5525489208028891,0.013685867467831984,2579.412332355469,991.5304029348058,2578.8810968651906,522.256107888198,5502.241728697029,1880.5625393263444,19.766973804838194,4.848150621284218,14.798288322062993,4.283805465264315,18.61380105943895,4.254546023011909,17.71460014847689,3.6075497524445597,16.90822015200658,3.1102378051236297,16.791919892265042,3.132537974789446,20.478962273965013,4.940302836665153,0.11625024187306501,0.08719291743379194,0.11959236860275269,0.07254091650247574,-123.08760833740234,96.82318878173828,81.3255615234375,37.71475601196289,7.756696701049805,27.746841430664062,29.920629501342773,18.381839752197266,0.2989494502544403,15.099608421325684,8.650757789611816,13.626971244812012,-5.665362358093262,9.466294288635254,1.112295389175415,7.481899261474609,-9.510194778442383,7.996601581573486,-1.9477342367172241,7.109123706817627,-7.4667067527771,7.531024932861328,-3.241316795349121,7.346494674682617,-6.4096574783325195,5.483302593231201,0.374411404132843,0.25456562638282776,0.43679744005203247,0.36642980575561523,0.31019434332847595,0.23725725710391998,0.3899170160293579,0.22109434008598328,0.5673928260803223,0.32405078411102295,0.35973602533340454,0.21265001595020294,0.3714241087436676,0.30775681138038635,0.27475807070732117,0.18129386007785797,0.47424378991127014,0.3456752300262451,0.3436553180217743,0.2661077678203583,0.29079028964042664,0.1923854798078537,0.5092285871505737,0.2987391948699951,0.08012018528816489,0.11799746393793355,-0.24284890993079739,0.10515668650846555,-0.010648032723517378,0.16831506472705146,0.17510250054700585,0.19600651434061148,0.03088794642353831,0.06546661987582472,-0.03981049923783449,0.05868787520646622
Ravyn Lenae,Love Me Not,hits,Ravyn Lenae - Love Me Not.wav,112.34714673913044,1.7156192064285278,2.020004987716675,0.5273040610183467,0.013039858088275217,2249.628084342238,842.9771767934412,2507.2532916122914,506.30810726599725,4852.945654901558,1887.3359537540698,20.217385757789916,5.205947320469202,14.617001136960628,4.179802063023311,17.95019528710449,4.542336107065915,17.18050774109563,4.012966256669858,18.084346432414403,3.794493288679458,16.410597738257863,2.2500282508610794,16.94037128117678,2.634451109940082,0.08168317954237617,0.04480422779021388,0.22831317782402039,0.11190085858106613,-67.06392669677734,71.30299377441406,93.64824676513672,30.592769622802734,3.19421124458313,23.68059730529785,27.963478088378906,17.02203941345215,12.650769233703613,10.047782897949219,12.899447441101074,11.363364219665527,-0.24238444864749908,8.964631080627441,-1.1862869262695312,8.48438835144043,7.8953776359558105,7.439002513885498,7.292766094207764,7.8874192237854,1.967026710510254,6.872635364532471,3.418444871902466,6.665256977081299,-1.5230642557144165,6.39568567276001,0.5421554446220398,0.3668712377548218,0.43357372283935547,0.3010322153568268,0.3527211844921112,0.2575145959854126,0.3629758358001709,0.26984313130378723,0.4948292672634125,0.3102383315563202,0.46513301134109497,0.3309786021709442,0.35374292731285095,0.2796861529350281,0.3932856619358063,0.29006630182266235,0.32725298404693604,0.27959078550338745,0.2964653968811035,0.29112765192985535,0.3198014795780182,0.2694571316242218,0.3834801912307739,0.2488933652639389,-0.028171777993892498,0.09468866170350385,0.21726174282173324,0.16030271023001033,-0.11852288549375288,0.17168326133215597,0.17921408067670683,0.17045878848749269,-0.02709709382564979,0.08366741890344347,0.02456733032359289,0.09525235374915907
Razeonx,Folded X Miss Independent,hits,Razeonx - Folded X Miss Independent.wav,117.45383522727273,1.830211877822876,2.6884725093841553,0.5076362499022598,0.03239572539514184,2271.2051397457903,908.9711429434175,2621.165245816682,569.36971474366,5243.1932951274675,2108.372142739453,21.42735021088207,4.377856321000619,15.515044528527858,4.024510187837255,18.86977834746588,4.369549612648617,18.31135855800853,4.312711807372989,19.25154748699789,4.191250362669988,18.7318377935872,3.9249348367083554,19.439562208630587,4.404105290855272,0.08134380139802631,0.05997088150087942,0.2457120418548584,0.1140359565615654,-65.80537414550781,69.95130920410156,99.35527801513672,30.21734619140625,10.2239990234375,20.525388717651367,10.977555274963379,15.201807975769043,11.169856071472168,13.897276878356934,4.34369421005249,12.452181816101074,-2.4119274616241455,8.727761268615723,5.496563911437988,9.257195472717285,-5.536777019500732,9.868925094604492,9.702899932861328,11.178893089294434,-3.0112483501434326,9.714309692382812,2.1290619373321533,9.437518119812012,3.419976234436035,8.235124588012695,0.4497392475605011,0.29619696736335754,0.5248447060585022,0.34191134572029114,0.331267774105072,0.22346998751163483,0.39496493339538574,0.3198259174823761,0.3311905860900879,0.24080751836299896,0.5022944211959839,0.32596004009246826,0.3755268156528473,0.2653184235095978,0.3371311128139496,0.2510586977005005,0.46117091178894043,0.35513830184936523,0.37016382813453674,0.2661074697971344,0.4468727707862854,0.314018189907074,0.3350318670272827,0.24225299060344696,-0.1943014023669373,0.12322219512213087,-0.019588007978923922,0.14556888309336083,0.007798656965598107,0.18211191778508173,-0.022283993697085582,0.19226125964417287,0.0022754758319431818,0.06344536549159767,0.031007784976194764,0.08474655356381693
Razeonx,Yukon X 2 On,hits,Razeonx - Yukon X 2 On.wav,99.38401442307692,1.6092008352279663,1.9450873136520386,0.6001853495021198,0.03060908521394973,2179.318122471119,1034.4100882321598,2363.867156886262,576.2031752431479,4592.430563534007,2143.0231391962398,18.498290573576842,5.7245262749188806,17.065683002955442,5.1089915081542605,19.492070723992228,4.755055216954394,18.662499479139417,4.097118735026829,17.79242983941877,3.467262998096823,17.68891733685533,3.2508224165228135,21.36104997872942,4.456268824588601,0.08415066273219814,0.06884836942179515,0.27791157364845276,0.11665762215852737,-61.813236236572266,72.91752624511719,98.60260009765625,42.19522476196289,3.301163673400879,26.80720329284668,21.009973526000977,19.547822952270508,7.776271820068359,15.444063186645508,9.557921409606934,12.979158401489258,-12.66116714477539,14.996758460998535,6.930489540100098,11.276663780212402,-5.96953821182251,11.097976684570312,6.10099458694458,12.028055191040039,-2.84816837310791,10.939140319824219,1.1383429765701294,8.506624221801758,-2.9943201541900635,7.881847858428955,0.33608654141426086,0.24048909544944763,0.4900713562965393,0.3669626712799072,0.3645716905593872,0.2926160991191864,0.29634127020835876,0.27598750591278076,0.35617703199386597,0.33055534958839417,0.28526970744132996,0.2487216293811798,0.3581845164299011,0.34369704127311707,0.23351824283599854,0.22928893566131592,0.36003103852272034,0.28965842723846436,0.44313010573387146,0.35611051321029663,0.33416590094566345,0.25053301453590393,0.37388959527015686,0.3409745991230011,0.07422077030439361,0.13924540588034176,-0.0858811125532976,0.11782767557417968,-0.10570333989289556,0.16116394491276678,-0.04766744010196617,0.11681715501017242,0.004161144872104498,0.056730140255373804,0.015097330294527119,0.05422360290653519
Rob49,Viral (feat. Lil Durk),hits,Rob49 - Viral (feat. Lil Durk).wav,103.359375,1.8917051553726196,1.696431279182434,0.5745800542439198,0.03586716714885165,2860.8216674013815,1064.7657046837494,2727.6733698368394,532.6127501946834,5936.122438413071,2024.0922007457839,20.623468534235997,4.259615886162008,14.404586390670307,4.015640878153242,18.699903135397683,4.092083929142071,17.512859310025323,3.7715485215598363,17.814843514813077,3.4841199253764086,17.972183099246518,3.5535690969161835,18.295778290949222,3.3444675301268516,0.11627027198626161,0.0799395894355894,0.29279983043670654,0.10358632355928421,-14.975616455078125,45.587162017822266,74.7263412475586,37.215885162353516,2.1546552181243896,30.707456588745117,10.970102310180664,21.67770004272461,1.9226423501968384,19.676555633544922,4.255265235900879,14.873473167419434,-8.23465633392334,15.20346450805664,4.266673564910889,14.831016540527344,-11.708579063415527,13.332653999328613,1.5600565671920776,11.593891143798828,-4.536901473999023,11.247790336608887,-0.5572158098220825,9.836597442626953,2.0481433868408203,9.923932075500488,0.3879966139793396,0.2898169159889221,0.38598379492759705,0.22763240337371826,0.5304251313209534,0.31644177436828613,0.4145081341266632,0.2429126650094986,0.5528519749641418,0.3065674901008606,0.5061101317405701,0.3061964809894562,0.45558035373687744,0.28145280480384827,0.5338799357414246,0.3211258053779602,0.4040626883506775,0.24768097698688507,0.4963923990726471,0.30385154485702515,0.3405574560165405,0.22074106335639954,0.35967475175857544,0.23876456916332245,0.1736060469436408,0.12552186113324496,0.12836128151246012,0.08939673026627884,0.012986704951509368,0.11670225802913771,-0.1479207381311284,0.15254448587017763,-0.0431759068786615,0.06922463890009135,-0.007369709764581969,0.045914482951303175
shamlo,wakeup,hits,shamlo - wakeup.wav,89.10290948275862,1.3939235210418701,1.1614432334899902,0.6543805400948258,0.040604067778090225,2719.030314698411,993.2028589035477,2975.291951267805,481.5659016647552,6342.011650723201,1885.6268183727893,19.414922422414815,4.38071032370181,15.198603456271984,4.353242896833452,18.35505140196009,4.639956596893985,17.182165842967926,3.484472994191767,17.41486260945383,3.008836500405994,16.935541003069066,2.1910739550053364,18.17710715849052,2.9585434806022417,0.09316950464396284,0.06827911013551496,0.3897578716278076,0.08877681940793991,8.464375495910645,38.48347854614258,89.62049102783203,32.6590576171875,20.830610275268555,21.977861404418945,5.36749267578125,18.065011978149414,10.918163299560547,11.883137702941895,8.227630615234375,10.915511131286621,-3.601166009902954,12.248520851135254,5.9727373123168945,9.73556900024414,-1.33939528465271,8.187402725219727,3.9673078060150146,8.304420471191406,4.400515556335449,10.1748046875,2.6994316577911377,8.143240928649902,3.500051498413086,8.543130874633789,0.3190527856349945,0.26028406620025635,0.2652290165424347,0.23458003997802734,0.3381509482860565,0.31941744685173035,0.3147966265678406,0.23343150317668915,0.4400269091129303,0.3413425385951996,0.3651813864707947,0.2872195839881897,0.3770160377025604,0.27241605520248413,0.45640289783477783,0.33573558926582336,0.3635624349117279,0.26265424489974976,0.40912285447120667,0.3598043620586395,0.3476247489452362,0.27068018913269043,0.45187807083129883,0.3320326507091522,0.08896101987905645,0.19637455123979253,0.1138671119787828,0.16303155674907188,-0.24090919726609009,0.1704678064086808,0.01914366060505929,0.08315318238817375,-0.04050229927807246,0.08585787774557768,0.01369688014549219,0.084614863949769
Teddy Swims,Lose Control,hits,Teddy Swims - Lose Control.wav,161.4990234375,1.5232223272323608,1.592874526977539,0.37453485290219984,0.016461855077293176,1910.0495962462353,834.211439965204,2191.104931997552,517.5813258183167,3839.893447356327,1841.3925066744807,22.057373626037364,5.2300163739600265,17.70440122685002,4.5885407867574965,19.864604424975692,4.506186430686083,20.82768701799324,4.088297582150985,20.516847211547027,3.78765445274176,19.618702610821288,3.735663618566291,21.213493495834307,4.404970959251205,0.07885779980166409,0.04729852385579391,0.24094855785369873,0.12044983357191086,-86.94871520996094,74.76183319091797,116.7009506225586,36.67702865600586,-2.7790369987487793,27.08316421508789,5.367471218109131,19.596717834472656,-11.99664306640625,15.415377616882324,4.834028720855713,14.304680824279785,2.1658449172973633,16.681699752807617,-1.296918272972107,12.95606803894043,5.305273532867432,12.000565528869629,-6.5107741355896,12.436931610107422,-1.3078014850616455,10.504484176635742,1.644115924835205,9.097838401794434,2.952030897140503,9.663498878479004,0.3555770814418793,0.2664217948913574,0.5703235864639282,0.3574840724468231,0.2679997384548187,0.23169812560081482,0.21775498986244202,0.22118395566940308,0.3138887286186218,0.3019545376300812,0.30205658078193665,0.2828877568244934,0.32264524698257446,0.3533008098602295,0.23242560029029846,0.26286354660987854,0.38394877314567566,0.3078754246234894,0.41362476348876953,0.35140517354011536,0.24990910291671753,0.22995176911354065,0.29720547795295715,0.3021739423274994,0.02485100475789926,0.2271326794619454,-0.23331801635347116,0.22072300295707767,-0.2430153585863723,0.1748365134494579,-0.07121851840835038,0.2406810727876618,0.03733708117923001,0.08728543523691547,0.007278995207729297,0.12015814389002624
Todays Top Hits,Top Hits,hits,Todays Top Hits - Top Hits.wav,83.35433467741936,1.8025693893432617,2.070277214050293,0.7143191311612365,0.00987183809972388,1583.4955613765535,662.4365827757076,1973.8549083203063,601.4113244676514,3385.5545280149477,1798.5177921553338,20.469834505046677,4.472609398475479,14.659194059811544,3.698939314894843,18.70721065812005,4.365076363145375,19.239176302832124,3.277334881065228,21.18417595830506,3.202549658635747,16.651955866636033,2.25907379512423,18.143668666568267,1.9408594721597825,0.06278306707140092,0.021332057946770643,0.11139239370822906,0.03550838679075241,-142.34718322753906,46.37965393066406,139.7338104248047,37.99446487426758,-3.1154961585998535,28.09342384338379,17.324983596801758,9.287389755249023,3.3281333446502686,8.56274127960205,24.687288284301758,6.069596290588379,-4.892923355102539,7.188845634460449,6.108497619628906,6.693939685821533,8.459667205810547,7.089658260345459,-2.581820249557495,5.642117023468018,-2.3723151683807373,5.204147815704346,2.157660484313965,5.521949768066406,-7.520981788635254,5.1444783210754395,0.23428861796855927,0.17300346493721008,0.2250555008649826,0.1989121288061142,0.3177676796913147,0.18750637769699097,0.5976269245147705,0.2882755398750305,0.3270283639431,0.21320392191410065,0.2540084421634674,0.18926849961280823,0.3171998858451843,0.2032773345708847,0.4777621328830719,0.23814231157302856,0.5272397994995117,0.3143170177936554,0.41240954399108887,0.19100666046142578,0.7355229258537292,0.2698056101799011,0.5121152997016907,0.27835845947265625,-0.13548489100297872,0.12067652307743508,-0.04503507250165055,0.06199202248192291,0.1299716309383332,0.16691211143157159,0.030326387615752935,0.1307273121266805,-0.0014364798674686816,0.0648766312982139,0.0010631542112938487,0.035304928246111235
Topic,Kernkraft 400 (A Better Day),hits,Topic - Kernkraft 400 (A Better Day).wav,123.046875,1.5060787200927734,1.6944208145141602,0.48014143510511553,0.025807360194032444,1948.953738250849,872.402284452442,2463.645977893832,638.2900937400904,4339.673758586494,2261.272141787801,19.63658575533728,4.8261147948347904,14.418797668054607,4.226359752437074,18.449652257641702,4.446214179299605,18.045604848329486,4.373435327285669,18.88039337422659,3.8596470818725837,18.086857864719953,3.3139810367675646,17.68738951499998,2.8622618783326077,0.06461109834558823,0.04261132254734176,0.22704102098941803,0.07934363186359406,-90.16057586669922,77.39423370361328,108.4507064819336,35.189979553222656,17.357677459716797,24.094404220581055,22.809953689575195,15.28129768371582,16.324932098388672,12.137539863586426,9.461918830871582,11.149537086486816,5.16607141494751,11.384831428527832,4.830298900604248,8.859783172607422,2.2742440700531006,8.319069862365723,2.659698724746704,10.967494010925293,1.16520094871521,8.12228775024414,3.649912118911743,6.9285054206848145,0.031795915216207504,7.476436138153076,0.3935106694698334,0.27436739206314087,0.39837345480918884,0.30287545919418335,0.3880411684513092,0.3072231411933899,0.31301331520080566,0.2468806654214859,0.40383070707321167,0.33555692434310913,0.3244541585445404,0.2455214262008667,0.4261266887187958,0.3190304636955261,0.3711670935153961,0.30086344480514526,0.3620327115058899,0.27527669072151184,0.3900492191314697,0.2896968126296997,0.4069460928440094,0.2582332193851471,0.5653302669525146,0.343794047832489,0.13314764787020278,0.1152194319437808,-0.028422174153450355,0.14556491362359167,0.11270852457377255,0.1705418105485206,0.016583934858089067,0.09007680613544178,0.019247947595277492,0.05217156818429495,-0.03530873505552879,0.05234452282080321
Trinix Remix,Hits 2023,hits,Trinix Remix - Hits 2023.wav,143.5546875,1.7320473194122314,1.8311587572097778,0.42094460641399417,0.017072782447731444,2598.492029426238,1167.8197533840791,2701.0442541907723,540.221972702544,5598.3411475969915,2308.706846199851,20.323074223863525,5.200741432268941,16.262352702066586,4.673660987056887,19.07669943062126,4.64443086480572,18.44056096024039,4.252655749882547,18.541253536187178,3.775496697781905,18.17953831716122,3.8931407781877003,18.715473074890014,3.564481977384761,0.10677562040441177,0.08710416907909975,0.2876397371292114,0.12900015711784363,-54.64753723144531,61.206668853759766,78.58773803710938,37.30476760864258,11.167563438415527,24.294658660888672,17.23111343383789,18.13321876525879,10.843240737915039,16.7320556640625,12.76682186126709,13.80021858215332,4.045109272003174,11.45920181274414,5.8561015129089355,11.957221031188965,-2.0862531661987305,11.599672317504883,5.141289710998535,11.366470336914062,-3.180846929550171,10.357661247253418,1.7566267251968384,9.237869262695312,-4.014573097229004,9.603352546691895,0.339545339345932,0.28952261805534363,0.39297834038734436,0.3403773903846741,0.30617162585258484,0.2552835941314697,0.4361798167228699,0.29711082577705383,0.5637521743774414,0.3561627268791199,0.4208974838256836,0.2866175174713135,0.37114739418029785,0.315773069858551,0.3446788489818573,0.2833314538002014,0.4233454763889313,0.3494988679885864,0.3576925992965698,0.32609373331069946,0.33082515001296997,0.2906881272792816,0.37995481491088867,0.3276045024394989,0.009815625815493768,0.12209733217907762,-0.10018694616082918,0.10635301898362523,0.0021592572060386613,0.12482909795392376,0.055327591564125214,0.16496999757432393,0.017076602240013932,0.06740279342370059,-0.014355747505749214,0.048670426054252945
13 Miles,xscape,niche,13 Miles - xscape.wav,112.34714673913044,1.254818320274353,1.269675612449646,0.5353254998969285,0.02521095789549003,1194.5982142819173,339.38221971440333,1894.1511654328601,347.7033390807734,2291.7194756191952,1026.632443497548,15.803768267922889,5.1770703418915005,15.081681709562593,4.150159131106265,21.365800042621093,3.948430365280838,16.031744635160845,3.6004623450204485,16.640846176604583,1.9236188486376244,16.507244000709864,1.820186459384692,21.057825828633646,4.059514622628396,0.03907988462654799,0.009737147920592942,0.15018127858638763,0.030377207323908806,-151.33966064453125,39.531761169433594,141.58792114257812,15.475345611572266,18.066131591796875,13.069652557373047,32.57802200317383,11.370031356811523,8.952166557312012,8.87272834777832,6.805707931518555,7.592833518981934,-10.715667724609375,6.797942638397217,-6.81020975112915,6.780389785766602,-16.55485725402832,7.486507415771484,-7.083051681518555,7.937592506408691,-8.2604398727417,7.980712413787842,0.3064326345920563,7.227219104766846,-4.833373069763184,5.1914238929748535,0.7804812788963318,0.2847230136394501,0.48046988248825073,0.27189022302627563,0.1920243203639984,0.139225035905838,0.2154441773891449,0.272140771150589,0.19623108208179474,0.17884474992752075,0.29636502265930176,0.2585182189941406,0.14835208654403687,0.1302928477525711,0.21157392859458923,0.1764816790819168,0.46759891510009766,0.386052668094635,0.25507837533950806,0.20150335133075714,0.2111862748861313,0.2689736783504486,0.2568482756614685,0.13780160248279572,-0.21840368627720844,0.06641694475323114,0.08392331131320634,0.16875867462348926,-0.1601639390871189,0.12272648857035916,0.2514505262772083,0.15381774369799528,-0.03903961870491523,0.0584294273027513,-0.005223255726147011,0.05533073956733481
A Deeper Sense,Ambient Mood,niche,A Deeper Sense - Ambient Mood.wav,234.90767045454547,0.7005730271339417,0.23504886031150818,0.0,0.0,447.1932978131203,52.00099761019927,618.6034679594362,78.0175890372159,650.8043980081753,126.07155900362962,22.147083317547892,3.9735781213780266,20.768008636679326,3.9206698778223923,20.515480332451002,3.5238524648905933,20.318436697492995,2.8823445955489366,21.03854419434576,2.2553140745253155,18.593340748401072,1.7592243219413188,17.129048781405793,1.8438209814926925,0.0264835889125387,0.0036633582311326805,0.09294912964105606,0.03826528787612915,-340.289794921875,17.709415435791016,202.34561157226562,9.54800033569336,38.49335479736328,9.774203300476074,6.865983963012695,6.96386194229126,17.623050689697266,4.66862678527832,5.260940074920654,5.7953996658325195,-2.471849203109741,4.377505779266357,-6.002057075500488,4.371060371398926,-8.988362312316895,5.0698065757751465,-8.12507438659668,5.6108269691467285,-8.38894271850586,5.218320846557617,-8.536465644836426,5.491990089416504,-8.069470405578613,4.814905166625977,0.44024115800857544,0.4422440230846405,0.3176840543746948,0.1650666892528534,0.46629607677459717,0.453439861536026,0.22837196290493011,0.22083131968975067,0.13324330747127533,0.2514514625072479,0.08192199468612671,0.09954404085874557,0.2189096212387085,0.29669320583343506,0.33029183745384216,0.3351516127586365,0.15367993712425232,0.1734311580657959,0.0690629780292511,0.10881464183330536,0.03604534640908241,0.043806564062833786,0.1355055868625641,0.12818440794944763,0.2963883396214155,0.1366508440971849,0.3776694587136047,0.23332945044393885,0.24366055472556414,0.09438302109424307,0.03707956439121991,0.4584116757416094,0.04186870320014584,0.1036130028377569,0.03001076626616099,0.12871193152975952
All India Radio,Lo Fi Groovy,niche,All India Radio - Lo Fi Groovy.wav,143.5546875,1.5243562459945679,2.4281673431396484,0.4290643793749384,0.01159899861984604,1387.0933898121602,442.487917578561,1324.8339025836412,641.6116949926213,2493.1682574859715,1341.23972919978,17.848919407309943,4.98900102448525,18.829990144733845,6.025299801987519,21.865689111704746,4.864053222234687,21.575877015922927,4.548582619807944,21.11215300911678,5.103111542296743,20.422763370496742,4.3040266566713035,23.374314680239685,5.268783765484237,0.0771624207865712,0.02822625436764593,0.12234903126955032,0.08155432343482971,-211.04696655273438,103.70730590820312,131.68695068359375,36.329524993896484,-44.288787841796875,54.98853302001953,-21.177867889404297,34.21464538574219,-29.117403030395508,20.557863235473633,-16.5800724029541,23.93340492248535,-23.599628448486328,16.308115005493164,-12.303922653198242,16.188190460205078,-7.313884735107422,8.37763500213623,-2.859316825866699,11.191985130310059,2.3842287063598633,10.971261024475098,0.34614020586013794,10.69361400604248,-0.2847824692726135,6.766382694244385,0.28863412141799927,0.28440842032432556,0.20121259987354279,0.19633734226226807,0.3691999018192291,0.2710582911968231,0.22631816565990448,0.18505622446537018,0.4207000732421875,0.354144811630249,0.32272782921791077,0.20033591985702515,0.5947480797767639,0.3452650010585785,0.33334586024284363,0.29575011134147644,0.20572739839553833,0.20889127254486084,0.3674257695674896,0.3546913266181946,0.22131916880607605,0.16985400021076202,0.4888041913509369,0.32772430777549744,0.3160071606924034,0.11723295522519146,-0.1542554480842502,0.15882863727012725,0.10354601678677383,0.18875150119733253,-0.020665649918806584,0.25195985118516756,-0.015579964265228168,0.08207947704390436,0.01346125559220952,0.10588849716497192
ByErik ヵ,lost in time,niche,ByErik ヵ - lost in time.wav,172.265625,0.7839272618293762,0.3170289993286133,0.3458693244739756,0.012781559444844858,516.8758865635807,115.78193062387598,747.6422702761467,92.60958409763492,756.062094862616,241.85577503576883,21.376683809349853,4.476424104934196,13.87538935447917,3.2954140897436153,19.443872788658542,3.3899442770938104,15.825013541272869,2.5399179922027586,18.481997633997086,2.079256255997437,20.15791942867191,2.2616299370894732,18.784536912495252,1.5958172148943561,0.026824100836880804,0.007761141825558476,0.13332758843898773,0.04681204631924629,-247.58639526367188,22.439836502075195,204.89566040039062,10.37860107421875,24.07827377319336,19.678369522094727,21.317424774169922,12.412097930908203,20.414718627929688,9.545792579650879,-3.8807497024536133,8.189375877380371,-2.9710588455200195,8.210190773010254,-10.097333908081055,8.36987018585205,-10.614363670349121,7.64666748046875,-2.2068655490875244,6.600185871124268,-3.211841583251953,6.665201663970947,-4.486143112182617,6.676756381988525,-2.7709696292877197,6.004098415374756,0.3653591275215149,0.18388961255550385,0.5397690534591675,0.31009986996650696,0.29654085636138916,0.20965828001499176,0.16990670561790466,0.13567885756492615,0.21633321046829224,0.22623392939567566,0.3152359426021576,0.13547870516777039,0.7491984367370605,0.2973857522010803,0.3849119246006012,0.20036597549915314,0.34275567531585693,0.28162306547164917,0.29102572798728943,0.2525959014892578,0.32728511095046997,0.17816631495952606,0.5560784339904785,0.30555015802383423,0.18658926224415098,0.12591955865892818,-0.2146466482163097,0.2685341043688213,0.12738957180715083,0.332886501715222,-0.10765072363810867,0.10062835162071712,-0.015087949246322622,0.10218677010525896,0.00170483237073682,0.09131963213126545
Conan Gray,Vodka Cranberry,niche,Conan Gray - Vodka Cranberry.wav,184.5703125,1.3081921339035034,1.292546033859253,0.3217982845312038,0.01165105532967148,2629.715732340888,1179.0662460525837,2713.2033207685377,398.4768309291597,5673.73235838332,1932.8562209155862,19.53013410449442,4.7138527558227485,16.77889726979841,4.572755957905912,20.91674340134454,4.811315183684707,18.881884757921018,3.954171128804919,18.187175352641617,3.170043310594313,17.331616203427465,2.478303899321945,17.566529830110518,2.814023162125645,0.11701025239454334,0.1170713928176373,0.15300121903419495,0.050838571041822433,-88.37379455566406,45.00502014160156,85.81285858154297,34.41825866699219,6.56781530380249,19.377662658691406,12.085672378540039,12.649176597595215,9.079121589660645,12.63491439819336,-3.4259519577026367,12.22043514251709,-7.7563958168029785,8.99041748046875,-2.9288485050201416,8.624068260192871,-7.163504123687744,9.486239433288574,-0.06697800755500793,8.472955703735352,-9.771117210388184,7.140466690063477,-2.1077730655670166,6.47114372253418,-7.606122016906738,7.342912673950195,0.3734646141529083,0.3626147508621216,0.23326550424098969,0.23845969140529633,0.23164108395576477,0.2922917604446411,0.18656861782073975,0.204720139503479,0.2992955148220062,0.27600523829460144,0.43244239687919617,0.36298868060112,0.27617037296295166,0.24548572301864624,0.29494670033454895,0.34760552644729614,0.2610851526260376,0.2331051230430603,0.4402971863746643,0.3627152144908905,0.32159802317619324,0.3135091960430145,0.21637894213199615,0.22413796186447144,0.07825094261294341,0.19307508888984237,0.24220922648673887,0.13901524190063552,-0.1694145155558799,0.23768444695957558,0.041148470312099346,0.20462566966392298,-0.009555491295388525,0.0953733399091007,0.02344490110768942,0.08622834373376219
EsDeeKid,Cali Man,niche,EsDeeKid - Cali Man.wav,99.38401442307692,1.9154188632965088,2.2471585273742676,0.6086592367443431,0.027489319262954483,3013.77900641123,1038.847576027548,3048.9914095777976,376.4066881796648,6765.642422419214,1761.279996263933,21.380298364581503,4.69782602114159,14.25550322937838,4.310571598232934,16.984164140192465,4.144249447586917,15.938787535260209,3.1786815001556437,16.12202475984153,2.804147209054556,16.459456469451496,2.5072334218121264,18.281830701156508,3.215254934909832,0.08914496359810371,0.08554975814055639,0.43711644411087036,0.1450602114200592,-4.166944980621338,61.388702392578125,61.90252685546875,29.227827072143555,7.711921691894531,20.987777709960938,5.2669596672058105,15.755849838256836,8.605595588684082,17.562049865722656,8.734082221984863,13.442425727844238,4.680912494659424,11.569557189941406,6.558812141418457,13.200343132019043,-1.5476800203323364,13.0161771774292,10.25033187866211,10.40567398071289,6.473757743835449,11.038180351257324,5.949005126953125,9.7777099609375,5.30817174911499,10.389525413513184,0.4250500500202179,0.24142949283123016,0.4426780641078949,0.24169574677944183,0.5038229823112488,0.2542875111103058,0.5946145057678223,0.2692500948905945,0.7446476221084595,0.27529478073120117,0.7247539758682251,0.27292680740356445,0.6300754547119141,0.27489981055259705,0.5685257315635681,0.25299811363220215,0.4957369863986969,0.23702102899551392,0.5342007279396057,0.22132807970046997,0.53436279296875,0.22541293501853943,0.4374467134475708,0.20221273601055145,0.2570108519043249,0.2229033827993147,0.19011098975484392,0.12435497558633846,0.04946599466273476,0.09213763183556162,-0.3662550841694579,0.23334364299458746,-0.14781003113602875,0.1062709599442966,-0.05000458742223753,0.0692520794578711
EsDeeKid,Century,niche,EsDeeKid - Century.wav,143.5546875,1.5090513229370117,1.1576087474822998,0.42193974732750245,0.02661162193328765,2435.7939386798525,984.8441964645593,2708.2275048562615,475.71431463922784,5472.033578028251,2029.6372730281828,20.211314453106866,4.447256276867712,14.653283663257342,3.813611543092913,18.246934110369743,4.0674186064476725,17.499537028824527,3.0551829764862655,18.138477350043676,2.865318305274091,17.14366228281184,2.687456669819266,18.598892694326498,2.981581208710372,0.09620765709655572,0.06954852744724484,0.3455299735069275,0.12379882484674454,-18.790807723999023,30.14763069152832,87.88330841064453,33.815731048583984,14.317596435546875,25.228139877319336,7.681989669799805,17.786746978759766,-0.4783848524093628,20.583213806152344,7.055347919464111,16.31444549560547,-7.71073055267334,16.749094009399414,4.683465957641602,16.111757278442383,-5.2774577140808105,12.02344799041748,3.596120834350586,13.514260292053223,-0.5369018912315369,11.375585556030273,0.885901689529419,12.154698371887207,-1.3964368104934692,9.38222885131836,0.3723241984844208,0.28662189841270447,0.32247263193130493,0.26210370659828186,0.2807067632675171,0.22570449113845825,0.43472185730934143,0.25405704975128174,0.4649356007575989,0.25622084736824036,0.5817483067512512,0.3150362968444824,0.5263255834579468,0.3394809663295746,0.4323346018791199,0.2627279758453369,0.4128436744213104,0.2659876048564911,0.5030863881111145,0.3039092719554901,0.46392589807510376,0.311468243598938,0.31189167499542236,0.26600539684295654,-0.07716961570350651,0.07921348842557704,-0.11959236642030542,0.20140235038361357,-0.14287643039010903,0.10299549703639245,-0.15021296053398286,0.2337554617762095,0.0217827653592516,0.04366241925871111,0.08155406062796158,0.08874082332324207
excape.,eternal optimist,niche,excape. - eternal optimist.wav,107.666015625,1.3055129051208496,1.5022598505020142,0.5555264621571899,0.014155843312811734,1924.2748314019232,1011.1824357636398,2689.428336159769,658.9373818668618,4510.639391447368,2715.256770968359,19.115990288790197,4.432300894539067,14.514491756353486,3.746640022791352,18.313726168410884,5.006091024893009,17.162242879443777,3.5192696987378307,20.6572737903612,3.4029433429919966,17.890666677849822,2.5776710394492386,17.585888479668156,2.2546955791166994,0.05891914485777864,0.049966247030869326,0.2464408278465271,0.17421676218509674,-123.67212677001953,41.501136779785156,113.12664794921875,27.216495513916016,48.051517486572266,20.065929412841797,5.8621015548706055,19.53842544555664,10.571883201599121,11.826484680175781,30.293357849121094,9.87469482421875,4.750770092010498,8.531380653381348,-5.444679260253906,11.07833194732666,8.186846733093262,8.525958061218262,0.16424560546875,8.018586158752441,-0.35778912901878357,6.976412773132324,-3.2561874389648438,6.915275573730469,-3.3087472915649414,6.134970188140869,0.4501133859157562,0.31401461362838745,0.4444658160209656,0.22613394260406494,0.6825879216194153,0.27905622124671936,0.4833231270313263,0.26485762000083923,0.40340837836265564,0.30388110876083374,0.4229681193828583,0.31122004985809326,0.4452976584434509,0.2782886028289795,0.5481250286102295,0.3295980989933014,0.43059462308883667,0.3010104298591614,0.46289128065109253,0.2824658155441284,0.5273683071136475,0.3074394464492798,0.43894287943840027,0.25327739119529724,-0.030279106763922255,0.07245150358486471,0.07102806914683557,0.0718248960285706,0.07920097181971365,0.11868694128168313,-0.046482284409902715,0.08291890595739793,0.002400030575390034,0.04710639712943888,-0.0005737322448584651,0.04095197637982219
Exkryptt,on your mind,niche,Exkryptt - on your mind.wav,123.046875,1.4440628290176392,1.498882532119751,0.483952738990333,0.021214429349377426,984.9916227324758,685.0309310156848,1677.3768776705851,767.2685233416654,1978.2463711481714,2042.248963301742,21.975875591342387,4.6557842251118515,18.31459844276879,5.243459922422422,21.82673708339205,4.7247145494678255,18.771048418413624,3.918749184567255,18.28189598988185,3.1263257602689816,21.146657395447857,5.1202293868881865,21.593337984309144,5.2109072284991464,0.028394764052825077,0.016783454571816927,0.28202736377716064,0.11808573454618454,-189.64120483398438,71.24260711669922,144.1457061767578,33.557899475097656,52.24382019042969,36.3908576965332,37.415584564208984,15.15522289276123,18.716678619384766,12.518064498901367,7.531296253204346,12.4503173828125,2.4601798057556152,12.704679489135742,2.8303163051605225,10.636768341064453,-10.63015365600586,12.229515075683594,7.718295574188232,11.049138069152832,0.005542861297726631,8.985010147094727,1.068098545074463,9.91202163696289,1.8476107120513916,10.034817695617676,0.32146504521369934,0.27572527527809143,0.3741428256034851,0.3551129400730133,0.32427334785461426,0.2416042536497116,0.44344478845596313,0.33181414008140564,0.40387406945228577,0.3561179041862488,0.3073793351650238,0.31552132964134216,0.297415554523468,0.30150842666625977,0.2802053689956665,0.23987247049808502,0.4519535303115845,0.386186420917511,0.34082019329071045,0.2927801012992859,0.34130677580833435,0.3261633813381195,0.37950804829597473,0.33380383253097534,-0.06398831220601693,0.2608921168519319,-0.2160951998415943,0.17062646705564874,0.004993918869389764,0.2176337046075294,0.19500955136009138,0.2567042984315238,0.010042589673822756,0.13448601489392864,-0.057543457598456485,0.06948313613922608
FINNEAS,Lotus Eater,niche,FINNEAS - Lotus Eater.wav,69.83741554054055,1.8551838397979736,3.1317152976989746,0.8636325067661473,0.010906052997766666,1462.2902679646425,790.3268211697841,2121.8363054843485,635.7840022994226,3159.2392298459267,2138.1378509662704,21.500914786821422,4.52983686981099,16.47552993773564,4.4402242292489795,20.109710403173683,4.932595527264346,18.165862495710588,4.185674490738688,18.265096863550813,3.870463297260887,15.810024224698484,2.2501543416304064,16.948991940761147,2.117932279375865,0.04003868457333591,0.027544458413098227,0.23081909120082855,0.09247687458992004,-127.59661865234375,86.48705291748047,126.65259552001953,37.59501647949219,27.255229949951172,19.196741104125977,26.571422576904297,14.758522987365723,16.247220993041992,10.6530179977417,14.025555610656738,9.34626293182373,-2.486212968826294,8.226526260375977,4.886887550354004,8.297100067138672,1.2299884557724,8.267800331115723,3.2462751865386963,7.351622104644775,0.8183606266975403,7.235776424407959,1.8812536001205444,6.81998348236084,-2.664767026901245,6.41608190536499,0.23304034769535065,0.24393777549266815,0.2872500717639923,0.24724511802196503,0.4602169692516327,0.36182835698127747,0.3966362476348877,0.27593252062797546,0.47571641206741333,0.33307328820228577,0.3575490713119507,0.25562435388565063,0.3976116478443146,0.29452094435691833,0.48889830708503723,0.3588106036186218,0.4178813397884369,0.25319138169288635,0.5196335911750793,0.31444260478019714,0.3612321615219116,0.2581656873226166,0.2954255938529968,0.28831714391708374,0.21650668158108596,0.08845215496296391,0.07751802608542067,0.11379148510444723,0.041765782482930267,0.2149402142109183,-0.06839787610518253,0.1422133912180476,0.03188439750141228,0.0792995550674552,-0.024045446563685634,0.06768061482133332
Fixupboy,Pass Out,niche,Fixupboy - Pass Out.wav,89.10290948275862,2.229069948196411,3.324160099029541,0.6685186942994252,0.016271808926308227,2405.5488906006053,1188.515295270853,2853.2789045607205,717.5714203639855,5776.890067936097,2723.679512804953,21.72102077235896,4.7014345647197855,15.00722398205298,4.386202854043643,17.43921683718656,4.550658121662868,17.82410524587068,4.271847495437946,17.814937780340777,3.7222473815366746,18.203799598965443,4.15541078427338,17.294193517206985,2.819116094615106,0.06045503882062694,0.06816363283235902,0.3606092035770416,0.11596716940402985,-85.22325134277344,103.26832580566406,80.5185775756836,41.28504943847656,26.88599967956543,33.733821868896484,19.477121353149414,20.65683364868164,27.63767433166504,17.42905616760254,7.067930698394775,15.705124855041504,10.52965259552002,12.248977661132812,15.673849105834961,11.326360702514648,5.788721561431885,10.553254127502441,18.4872989654541,9.995645523071289,3.3868632316589355,9.358953475952148,10.683541297912598,9.313673973083496,1.9644381999969482,7.357492923736572,0.5765146613121033,0.28790825605392456,0.503754198551178,0.21381089091300964,0.4858394265174866,0.2285723239183426,0.5694143772125244,0.3314521610736847,0.5684332251548767,0.34292176365852356,0.63432377576828,0.34270957112312317,0.502017080783844,0.26836833357810974,0.43544501066207886,0.21463678777217865,0.4566494822502136,0.22979408502578735,0.5118643641471863,0.2523770034313202,0.5916738510131836,0.2833499014377594,0.5548998713493347,0.28453123569488525,-0.03852299317250259,0.07525637286469856,0.04769093675108229,0.09394053040430479,0.08564237596167229,0.17731470331843066,-0.11872743006691888,0.13602317981057258,-0.000594150882680184,0.06523387448254477,0.013051194812267852,0.06379919473791214
Geezer,Doggy (feat. Love Spells and Truly Young),niche,Geezer - Doggy (feat. Love Spells and Truly Young).wav,107.666015625,1.3694628477096558,1.2899547815322876,0.5614585034013605,0.027743716426292357,2587.921213459635,838.9841014594869,2762.7510133789665,406.55380711402665,5789.56499129257,1648.2520728223892,21.949426372174166,4.817267891010495,16.13202510794585,4.4013359458385874,19.206774761928873,4.189392340584369,18.462272605905216,3.589343888714527,18.21020086080665,3.3719028275513567,16.507715181124524,2.7333632572457516,17.19770666886116,2.2670207630567933,0.09952849869388544,0.05879463984630187,0.30874475836753845,0.11138765513896942,-14.299853324890137,56.12389373779297,82.0055160522461,30.46460723876953,13.554343223571777,19.945383071899414,19.65755844116211,15.4908447265625,-1.2455941438674927,13.180827140808105,7.3179450035095215,10.075830459594727,0.4881595969200134,11.330878257751465,-1.0090525150299072,11.121981620788574,-0.6158095598220825,8.746294021606445,3.108311176300049,8.33063793182373,-3.1502959728240967,7.258388996124268,3.3578364849090576,8.04224681854248,0.10011275112628937,7.677466869354248,0.5020219683647156,0.32264071702957153,0.3375198543071747,0.23399858176708221,0.4074040353298187,0.31653645634651184,0.321633517742157,0.2702917754650116,0.3814639747142792,0.33182933926582336,0.2662659287452698,0.2233675718307495,0.3625915050506592,0.2646203637123108,0.4328269958496094,0.32508307695388794,0.3080226182937622,0.23728254437446594,0.3690696954727173,0.30567383766174316,0.4070280194282532,0.256306529045105,0.6074545383453369,0.3240673243999481,0.1448173921334056,0.12017865695759974,0.05222070011104533,0.2167878780427433,0.11650785746055707,0.15727219449886737,0.07483620182380336,0.18784501175220578,-0.014852339450247122,0.06831842163519235,0.032202792656860255,0.07775976520367313
Glass Animals,Creatures in Heaven,niche,Glass Animals - Creatures in Heaven.wav,80.74951171875,1.4914398193359375,1.4871060848236084,0.7539655862344938,0.029390227059280134,1937.963248626061,844.8209680653331,2571.7059842584554,523.3818675741485,4338.932096404557,2132.804053408256,21.872629997022177,4.3803843528998305,17.144371146168137,4.765195172892911,18.83098270574657,4.468776596714797,19.345595892067657,4.17732745837636,18.04289551109393,3.23960686506845,19.291586368297324,4.1117057847902005,19.611848986218472,4.634837740503894,0.05827780330882353,0.0364965669802234,0.2587960958480835,0.059400200843811035,-76.50121307373047,51.79756164550781,115.74762725830078,31.75670623779297,27.0189151763916,19.374866485595703,16.5455379486084,16.22297477722168,11.389664649963379,12.797821998596191,-1.5069588422775269,12.686532020568848,3.9912607669830322,11.865327835083008,12.211002349853516,12.1760892868042,-1.0396010875701904,11.529291152954102,-0.17091122269630432,10.683438301086426,2.2828900814056396,8.967109680175781,3.825967788696289,8.245795249938965,0.9864838123321533,8.70423412322998,0.1989838182926178,0.20339621603488922,0.3229103684425354,0.2797483801841736,0.4595812261104584,0.3696368336677551,0.33398523926734924,0.2703263461589813,0.42258569598197937,0.36410602927207947,0.3162226676940918,0.25757837295532227,0.3945448398590088,0.33933237195014954,0.39305195212364197,0.3412330746650696,0.29397857189178467,0.2549070715904236,0.342538982629776,0.33710378408432007,0.2649919092655182,0.2459583580493927,0.25144344568252563,0.2462720423936844,0.2261443286222057,0.16621019095895004,0.0020107319601924043,0.2811838667230593,0.06032678707475345,0.28042511528814484,-0.15134513386901552,0.19556174112393687,0.058190397532788374,0.08452372208747987,0.017890413903023098,0.11848537833543728
Idris Kelly,Lo-fi Love Letters,niche,Idris Kelly - Lo-fi Love Letters.wav,80.74951171875,1.6123418807983398,2.0608925819396973,0.7412970521541951,0.03216927579718229,1016.2484483340472,577.7972234590994,1549.4747328536707,459.26022878968627,1975.7047198505225,1462.044479893149,21.454847193644234,5.196992130783366,17.919703375138276,4.160283378956662,19.347395461332138,5.477350879825612,16.87389187890359,3.2026327230616385,16.44379124127139,3.1776803388652763,17.505774790868784,2.189465341515191,18.17085338193361,3.646547363899372,0.02840232258610681,0.019089448140578124,0.21673820912837982,0.11541225761175156,-199.43919372558594,58.39268493652344,140.71888732910156,37.93661117553711,3.5315818786621094,25.639633178710938,48.16062927246094,20.58203887939453,16.981910705566406,18.210796356201172,21.252641677856445,9.856560707092285,10.434657096862793,9.692328453063965,7.335654258728027,8.765449523925781,-0.20098593831062317,9.690324783325195,-3.829895257949829,8.605936050415039,-11.09237003326416,10.02544116973877,-5.874224662780762,10.004284858703613,-7.833497524261475,7.4532694816589355,0.4814087450504303,0.3335118889808655,0.5534158945083618,0.33942553400993347,0.3523445427417755,0.3301655948162079,0.26111695170402527,0.28925207257270813,0.355425626039505,0.27759644389152527,0.5539987087249756,0.3384331464767456,0.42962467670440674,0.2851049602031708,0.3506428897380829,0.24841736257076263,0.4049696922302246,0.3390433192253113,0.327033132314682,0.24366901814937592,0.4004247188568115,0.3401775360107422,0.3507033884525299,0.2303694188594818,-0.07535804416169382,0.061757777995410955,-0.02711253502549855,0.07376785509354605,-0.17084232405809904,0.1409372006677997,-0.04109722676675474,0.16739421572212512,-0.01878623368057667,0.055043751685860565,-0.012324100637166187,0.0456068527269031
ilyTOMMY,sick & tired 3,niche,ilyTOMMY - sick & tired 3.wav,123.046875,1.625049352645874,1.7376941442489624,0.4826705326939519,0.024194809929802448,1765.7334235360904,801.5680483218272,2510.8075940567846,540.3222524418543,3951.701104604054,2051.2144168061373,21.578922510885477,4.160620301544685,13.581509728276437,3.6012587187221787,17.96994493140419,3.590644564100299,16.75365113786288,3.451606859193459,16.358573702860063,2.2606228410318683,18.52692297214578,2.887540157273282,17.422744717045145,3.3927101697335758,0.026197876354489166,0.029147492335249558,0.500357449054718,0.08424579352140427,-45.08212661743164,46.36194610595703,109.82072448730469,32.101497650146484,11.988178253173828,18.88093376159668,21.731182098388672,14.098621368408203,14.651273727416992,16.237497329711914,1.8481661081314087,11.857438087463379,18.792621612548828,10.49750804901123,2.278585910797119,9.992204666137695,4.237248420715332,8.571372032165527,2.2914469242095947,7.45440673828125,2.2574069499969482,9.967009544372559,7.469557285308838,7.131675720214844,-0.22702167928218842,7.355845928192139,0.7064020037651062,0.25987857580184937,0.6038748025894165,0.24328207969665527,0.6074500679969788,0.22008053958415985,0.6656939387321472,0.23755377531051636,0.5120666027069092,0.19845078885555267,0.4846695065498352,0.22274217009544373,0.5025313496589661,0.21083757281303406,0.6916187405586243,0.22072012722492218,0.7279103994369507,0.22027115523815155,0.4873370826244354,0.15103067457675934,0.44614356756210327,0.17784729599952698,0.5325442552566528,0.20096655189990997,-0.06429339832511428,0.04184800893808452,0.07795006491859945,0.08645385662373148,-0.01490737015349783,0.09809420110971002,0.13526284274999772,0.09003169559962224,0.022137345023748096,0.025766821414240724,0.029305702251246686,0.04006669005379227
Joey Bada$$,SWANK WHITE (feat. Westside Gunn),niche,Joey Bada$$ - SWANK WHITE (feat. Westside Gunn).wav,161.4990234375,1.6282122135162354,1.2854249477386475,0.36922594552224186,0.021771531196945856,2588.2772455429717,1004.8117776234278,2829.828835736698,460.5918208128445,6022.296917327786,1876.8257727167202,19.845727564083084,5.024487193943067,16.14808855711147,4.280834156662004,20.531706322025183,4.360347567209441,19.163134428360816,3.9943075272816175,18.201811933989656,3.0105809715956195,17.471674867011185,2.891385185582362,17.495899099082237,2.6472977451611626,0.09456140854779412,0.07011699389281953,0.2616681456565857,0.10593019425868988,-59.2961540222168,48.664390563964844,81.22795104980469,31.05547332763672,27.512136459350586,21.54097557067871,21.264528274536133,18.7733211517334,-2.0740280151367188,15.800919532775879,7.632365703582764,13.704262733459473,-0.87404865026474,14.178923606872559,2.3644070625305176,11.58096694946289,-2.275745391845703,10.67404842376709,2.3778536319732666,10.947214126586914,-2.315514326095581,10.117323875427246,0.7729105949401855,8.436491966247559,-6.1321330070495605,8.18033504486084,0.3126683235168457,0.28778859972953796,0.31474342942237854,0.27789315581321716,0.3077331483364105,0.27760016918182373,0.33122047781944275,0.27849605679512024,0.4480896592140198,0.3327413499355316,0.5002099275588989,0.35647714138031006,0.3739067614078522,0.30772197246551514,0.349759042263031,0.2961304783821106,0.3933620750904083,0.30473679304122925,0.4604782164096832,0.3405998647212982,0.37158647179603577,0.3094326853752136,0.24313044548034668,0.2292163223028183,0.025693746366870263,0.11085551402430133,0.11936059823874942,0.11485551802222557,-0.11266976919446205,0.1228800586284088,0.11079214544333851,0.16531114423162027,-0.015418747057468856,0.052705125685645254,0.017470142362212587,0.05497697604545909
Joji,LOVE YOU LESS,niche,Joji - LOVE YOU LESS.wav,80.74951171875,1.1538169384002686,0.9403563141822815,0.7528153717627402,0.023602726943320062,2009.3581491432003,513.5100631167546,2313.6881351434686,331.82744712135667,4142.733282791941,1244.7763974463862,20.86848852083268,4.580511475275536,15.928401030245968,3.5088511966451126,17.981758058300823,3.8127053769349217,16.695629264904355,2.5781672976642938,17.09012629120294,2.1750060754878597,17.78383464348202,2.2736260148938574,20.483646910782184,4.0334326632023645,0.07963406116969814,0.03541617507004876,0.21278981864452362,0.078895203769207,-43.48204803466797,32.91451644897461,108.01243591308594,20.449909210205078,-16.42885398864746,13.746264457702637,19.380332946777344,9.412056922912598,9.230266571044922,9.240530967712402,7.336484909057617,7.632328510284424,2.501751661300659,7.580965518951416,6.495981693267822,6.981634140014648,-1.7592153549194336,7.361116409301758,-0.2366732954978943,7.466695308685303,0.8960815072059631,7.077275276184082,-0.15052899718284607,6.693214416503906,0.9354857206344604,6.472118854522705,0.23265665769577026,0.19518829882144928,0.3776179552078247,0.25964951515197754,0.4273286759853363,0.28945520520210266,0.33791694045066833,0.25270605087280273,0.3756901025772095,0.30135777592658997,0.27836185693740845,0.2246718406677246,0.3770073652267456,0.3237437903881073,0.3516555726528168,0.263883113861084,0.4488469660282135,0.2467326670885086,0.6814963221549988,0.3617519736289978,0.4314773678779602,0.2333122044801712,0.33982154726982117,0.26298537850379944,0.25215282156671565,0.11643470189213546,-0.029315434626739828,0.08660130691115017,-0.14540792754620663,0.24233804813777476,-0.017950671979431846,0.11770239651987328,0.02883363597537029,0.03873943486085755,0.049947938594740886,0.08592111130481607
JPEGMAFIA,Valentine's Day Freestyle '25,niche,JPEGMAFIA - Valentine's Day Freestyle '25.wav,99.38401442307692,1.6295065879821777,1.4992320537567139,0.5999278078578371,0.03521384824477796,3382.981221387093,847.9388815949915,3048.7577756826663,312.92018523265114,7187.56487111189,1351.6122775671267,21.544467912056916,4.956499612977366,13.976637254283926,3.8825899642390844,17.133173610608978,4.304898529611806,16.592893905703836,3.394532333492636,17.54594478998823,2.8406412031625297,17.93417424943703,3.3813378107074996,16.20752653672746,2.3412781956338384,0.16113470213332043,0.08442431912293259,0.21486921608448029,0.047091562300920486,-17.948095321655273,43.37590026855469,54.78666305541992,27.413042068481445,8.254631042480469,22.668792724609375,18.978471755981445,19.48733901977539,9.98134994506836,16.777177810668945,4.48707914352417,13.4282865524292,4.451590061187744,16.341121673583984,-0.6363935470581055,12.356744766235352,3.20754075050354,10.550704956054688,6.080109119415283,11.002138137817383,-3.8269193172454834,8.86219310760498,5.408467769622803,9.526065826416016,-2.663344621658325,9.352886199951172,0.47970378398895264,0.2600669264793396,0.48567327857017517,0.2662910521030426,0.4262615442276001,0.2660773992538452,0.3850135803222656,0.25310462713241577,0.39047718048095703,0.2647363245487213,0.3965508043766022,0.248989999294281,0.5070225596427917,0.3042104244232178,0.49034786224365234,0.27082523703575134,0.5242471098899841,0.2910539209842682,0.5424803495407104,0.28419122099876404,0.533053457736969,0.2980495095252991,0.5391623377799988,0.2957327365875244,0.03893023671383924,0.1616332740744978,-0.023666871981184952,0.16066359518402318,0.0012858230000697502,0.15494553494851157,-0.10836175531898634,0.19743370014014727,0.0023301517707514765,0.07907790325601928,-0.014364629631051732,0.06247761730591423
Kendrick Lamar,Not Like Us,niche,Kendrick Lamar - Not Like Us.wav,99.38401442307692,2.1105215549468994,2.0990381240844727,0.5916250944822373,0.025956191057262566,2354.5387597064896,1107.8256548150284,2709.685160712539,641.7206093746648,5230.2100403020995,2488.5161965195953,21.56877609835676,4.390439224109122,14.14275644722297,4.0260439652142495,17.02570358404602,4.466112060549355,17.40533330062907,4.171766080327157,17.993689177953808,3.056135550740389,18.03807524408075,3.1839155600147326,18.49160508840974,3.000756765059121,0.07438314809887771,0.06911501014688902,0.35627830028533936,0.14443139731884003,-73.08598327636719,59.90164566040039,86.2463150024414,45.12480163574219,20.067285537719727,32.971378326416016,16.351028442382812,26.68285369873047,15.00314998626709,19.152507781982422,7.538370132446289,16.469003677368164,1.4012603759765625,15.485198020935059,11.894115447998047,13.930272102355957,1.5060625076293945,12.978405952453613,8.391937255859375,10.580933570861816,5.225080490112305,10.073731422424316,7.038177490234375,9.20464038848877,0.7391223907470703,9.72185230255127,0.5722081661224365,0.3357117772102356,0.5455724000930786,0.3352595865726471,0.5534581542015076,0.2930352985858917,0.5127429366111755,0.27326348423957825,0.5704378485679626,0.28975555300712585,0.5376504063606262,0.2563439905643463,0.546390950679779,0.2733190357685089,0.5377447605133057,0.2621743083000183,0.49205106496810913,0.279358834028244,0.5206448435783386,0.2987191379070282,0.5751177668571472,0.28925418853759766,0.6241803765296936,0.2937462031841278,0.016858375261663876,0.08579142751140284,0.060853286405258014,0.11767167656474228,-0.012150105399991142,0.12954451359835237,0.023462763450096586,0.10669597036326972,0.021539992319730538,0.04007454847560799,0.037334039967886354,0.057322517949092724
Lemon Demon,Indie Cindy & the Lo-fi Lullabies,niche,Lemon Demon - Indie Cindy & the Lo-fi Lullabies.wav,151.99908088235293,1.4688084125518799,1.9341678619384766,0.3968501339929911,0.019269837795825168,1846.4847545995472,975.4213096002679,2257.9590185661514,572.7764150474034,3998.742486817918,1985.3712609774161,19.026315519141303,5.349439370868229,16.30674201005586,4.204890536305971,19.89905946060965,4.457467325748729,17.38313101364689,3.3800626702143473,17.459844524128993,2.9340995438948645,17.56883635044137,3.2109160832714103,18.409095954183492,2.9002136181483356,0.07037863716621517,0.06188364984154072,0.14643746614456177,0.06957248598337173,-129.91810607910156,70.89288330078125,112.18367004394531,37.313392639160156,13.283387184143066,22.4794864654541,34.436798095703125,13.29460334777832,10.37008285522461,10.691095352172852,12.104275703430176,10.349562644958496,-3.815279245376587,9.190979957580566,4.350380897521973,8.263035774230957,-8.125473022460938,8.25624942779541,0.19636937975883484,9.058221817016602,-0.8469763398170471,8.644096374511719,-4.969925880432129,8.620282173156738,-4.153707504272461,7.454849720001221,0.3828429579734802,0.31145626306533813,0.27908092737197876,0.22494564950466156,0.34393978118896484,0.30960172414779663,0.3948969841003418,0.29680460691452026,0.5096316337585449,0.33665233850479126,0.4227203130722046,0.3063674569129944,0.3082409203052521,0.24585916101932526,0.3357137441635132,0.3073831796646118,0.29458698630332947,0.2239455133676529,0.4198717176914215,0.345430850982666,0.3720279335975647,0.2717372477054596,0.40938836336135864,0.30689918994903564,0.15171994981964512,0.155787565039216,0.05827367224336954,0.19972620576141525,0.013564172796270197,0.21118206141781834,0.09314647972714903,0.15677476413866612,0.0042445339483667705,0.06749949349782654,0.003049702283020986,0.0672391057883523
Litany,Bedroom,niche,Litany - Bedroom.wav,92.28515625,1.4847925901412964,2.0788514614105225,0.6486107331821618,0.017237764799812327,2375.0998709559876,1273.870373105278,2475.1759708105456,900.3772442781072,5045.094493003821,2645.1558569438944,20.433851595740425,5.133223972974217,16.965013956035957,4.327799654694783,21.80005995280961,5.009153449379038,20.880788106912735,5.112470953724116,19.746628773681937,4.368865410804184,19.018571208214663,4.361329621618991,20.114355141210467,5.109497593888228,0.09768799583978328,0.06920584133108218,0.17146143317222595,0.0968075543642044,-125.74710083007812,94.36842346191406,96.9699478149414,47.7098274230957,11.801336288452148,27.406810760498047,9.037162780761719,23.750797271728516,9.365621566772461,16.441267013549805,-2.6906867027282715,17.442914962768555,-1.87420654296875,12.662883758544922,-4.196237564086914,15.860086441040039,-2.032625198364258,11.279295921325684,-1.2831453084945679,13.574973106384277,-8.830159187316895,11.262717247009277,-0.595780611038208,10.876482009887695,-10.502542495727539,9.689701080322266,0.31002068519592285,0.30714815855026245,0.36562854051589966,0.3188416361808777,0.23100949823856354,0.20543140172958374,0.32064083218574524,0.327897846698761,0.2090696394443512,0.1913549154996872,0.34299764037132263,0.27809110283851624,0.4562147855758667,0.3537746071815491,0.36584773659706116,0.26932239532470703,0.5047323703765869,0.3842279314994812,0.28917017579078674,0.22578591108322144,0.37092718482017517,0.3481411933898926,0.2720896601676941,0.2709212601184845,-0.24182300774094254,0.13011980690787356,-0.1715164926811201,0.13522620947029795,-0.07247041708619717,0.25230024453331823,0.008624450787296031,0.26826517798811367,0.00016139422454903687,0.10336125595771789,-0.00034472775465706933,0.09960452276807229
LOFI BEATS,ambient chillout,niche,LOFI BEATS - ambient chillout.wav,80.74951171875,1.2528324127197266,2.1353187561035156,0.7320396228666906,0.014817209916044209,717.5334570092992,281.0576065578811,1002.3518873387094,360.07294719915467,1085.2934373790636,585.2743673753594,22.181201145351302,4.705667269098957,17.169139225651328,4.331633931741027,23.401431883085532,5.051272396733692,25.906429003763606,5.4278573114220805,21.533441793822806,4.162254005014962,19.025399015138913,2.9715212800187008,16.23336679338449,1.648527861297626,0.045030717879256964,0.017196753072069634,0.09932795912027359,0.04543756693601608,-283.55914306640625,60.598731994628906,188.2971954345703,26.53617286682129,25.323274612426758,26.853342056274414,13.84591007232666,17.012338638305664,1.1420485973358154,12.83714485168457,-9.495491027832031,11.415796279907227,-5.900411605834961,10.419723510742188,-0.08606287837028503,9.22587776184082,0.09587205946445465,9.685357093811035,-1.762506365776062,8.984569549560547,-2.0874128341674805,8.802515029907227,-3.814858913421631,10.384504318237305,-7.288301944732666,10.125143051147461,0.2360110878944397,0.2981815040111542,0.19657063484191895,0.20645058155059814,0.40348947048187256,0.3816015124320984,0.26392847299575806,0.26698780059814453,0.1893787682056427,0.19692778587341309,0.3639369606971741,0.3685669004917145,0.19021004438400269,0.17914049327373505,0.285121351480484,0.3409123122692108,0.20815052092075348,0.21675586700439453,0.401964396238327,0.3425837755203247,0.42507240176200867,0.3485836684703827,0.2076115608215332,0.20566615462303162,0.0019346935901131946,0.24420087611817407,0.2852140206874126,0.14823430664846196,-0.06727011487174123,0.21454937230284105,-0.1403792952331534,0.23318524668375948,-0.009589445181825841,0.10852787767912636,-0.016628773276174597,0.08724587974546365
LOFI BEATS,Ambient Music,niche,LOFI BEATS - Ambient Music.wav,161.4990234375,1.3807350397109985,2.153179168701172,0.3751855830051319,0.010003343165529775,943.9445053957905,426.1779200182574,1357.754368900112,338.4899577961495,1831.4805919540925,1078.6760919681315,22.688896497340355,4.26466402799482,17.62954408817631,3.957887176736944,21.310510797508808,5.032661167858928,21.49935878473522,4.229852187849183,18.699814166901326,3.1947727217488127,21.497825717093317,3.5428853759626437,18.341799468323313,2.326801538362158,0.03564453125,0.019592133572928404,0.10814357548952103,0.04368441551923752,-230.1436767578125,56.917816162109375,169.62045288085938,26.99151611328125,-5.110471725463867,23.72130012512207,38.37295913696289,18.014741897583008,2.6862258911132812,14.920671463012695,9.085931777954102,9.893842697143555,14.529213905334473,8.725890159606934,-0.5801984667778015,8.097393989562988,6.3969597816467285,7.412661552429199,3.994945526123047,7.65082311630249,-1.6651636362075806,8.013781547546387,4.679765701293945,8.046217918395996,-3.000331401824951,6.191570281982422,0.3420371413230896,0.315718412399292,0.2876950204372406,0.21336859464645386,0.44688764214515686,0.3746594488620758,0.33606094121932983,0.28879326581954956,0.3064554035663605,0.22378599643707275,0.593797504901886,0.37071430683135986,0.334768682718277,0.20095784962177277,0.235200434923172,0.2677748501300812,0.22718729078769684,0.23273661732673645,0.34963321685791016,0.2750425338745117,0.45986631512641907,0.3397696614265442,0.27788177132606506,0.21658232808113098,0.02939322786015128,0.3279350083911752,0.30309098985392446,0.18550414434599957,0.03139393853136078,0.23138489872771437,-0.21538576053602584,0.2231401807993786,0.0013615135918688727,0.1500640394653684,-0.06107063268121359,0.08170977193094156
LOFI BEATS,Lo-Fi Chill,niche,LOFI BEATS - Lo-Fi Chill.wav,86.1328125,1.4731175899505615,2.209885597229004,0.7058866213151928,0.03062922381240682,1043.7590488409353,684.6759607710636,1762.0959655777754,625.5289619290925,1855.2887813225618,2069.763973829625,22.481497973645816,4.889688731012871,18.571015590197884,4.490960939715606,25.640391065394528,5.485361388828467,20.642697573082742,4.30972324879163,16.281420351246844,2.88751577873021,16.852661009824146,2.455211764783974,17.394269364338506,1.8197335536904726,0.03434219596555728,0.01782488445684127,0.15064220130443573,0.0508510060608387,-256.9068908691406,75.92070770263672,138.2904052734375,41.8661994934082,54.42227554321289,24.341875076293945,36.97909164428711,17.785417556762695,8.684268951416016,12.129471778869629,1.3212369680404663,10.797260284423828,0.07297404855489731,9.999859809875488,-5.714691638946533,9.998054504394531,-11.759385108947754,8.530679702758789,3.5290307998657227,9.25925350189209,-10.446942329406738,9.5560941696167,0.8210861086845398,10.970582962036133,-3.2623698711395264,10.362374305725098,0.31596827507019043,0.3451639711856842,0.1907079815864563,0.19641420245170593,0.22489631175994873,0.3023321032524109,0.18094421923160553,0.19202840328216553,0.3210972547531128,0.3370485305786133,0.2853134274482727,0.3180477023124695,0.1943591982126236,0.18894487619400024,0.3712090253829956,0.38026052713394165,0.29693371057510376,0.2732027769088745,0.41986966133117676,0.40266913175582886,0.29755792021751404,0.2945612967014313,0.2800821363925934,0.299331396818161,0.14599011968721334,0.2549471342751952,0.16012267777728495,0.1980672000821437,-0.046288940654029984,0.2569619581942059,0.07364532369280441,0.26396229289029816,0.03424449503600975,0.10976358975047552,0.00017210718456255113,0.11544679809979047
Love Spells,Love Costs,niche,Love Spells - Love Costs.wav,112.34714673913044,1.076013207435608,1.2280007600784302,0.5362089527168893,0.022463083691757108,1709.089642175899,726.3133002489915,2148.0544470066943,400.0829557682554,3853.07670097233,1497.2189533545993,21.989486634831888,4.775134464847461,16.708912767323245,3.899848039844027,15.781192187052705,3.88599426058227,15.321144429187918,2.98129570328822,16.35596187259407,2.7602779183847517,16.775567498314153,2.6405319780129686,19.774142028880014,3.3615015622960334,0.048051863631965945,0.04282632460016184,0.25385698676109314,0.08410415053367615,-96.00379943847656,66.431640625,106.39617919921875,28.288623809814453,-1.0035181045532227,18.314115524291992,48.00775146484375,12.718816757202148,5.805540561676025,10.861566543579102,25.564725875854492,10.850720405578613,2.720083713531494,9.064865112304688,8.32087230682373,10.30307674407959,6.386565208435059,9.139087677001953,10.776248931884766,7.284263610839844,4.388632774353027,7.158771991729736,4.408339023590088,6.693216800689697,-3.7493226528167725,6.953364849090576,0.46537506580352783,0.33148905634880066,0.5552208423614502,0.3154498040676117,0.340666264295578,0.2304806411266327,0.3355981707572937,0.23738570511341095,0.34996020793914795,0.24119055271148682,0.44775399565696716,0.3030581772327423,0.5571451783180237,0.32886484265327454,0.5285192131996155,0.31350594758987427,0.5187709927558899,0.3192947208881378,0.43451792001724243,0.2681185007095337,0.4481198191642761,0.2806604206562042,0.3989206850528717,0.31392255425453186,-0.06695451679242512,0.20724298254088044,-0.3231730779844984,0.20386310062233773,0.015169540752119737,0.2713597138805204,-0.04482169896645373,0.30379597221639615,-0.028346762352242736,0.1344569074647603,-0.003148480924351032,0.14012445796031334
Love Spells,Lovers Only,niche,Love Spells - Lovers Only.wav,99.38401442307692,1.0969618558883667,1.0039793252944946,0.6079837104909992,0.02330201274213487,2609.3391178948987,691.0012301256742,2850.4058998862997,286.57675598484053,6035.071840079576,1298.1682665178273,20.718939734203513,4.065654632413564,15.073862394708549,3.7264135592994356,17.41179614239265,4.328704144306144,16.28077386859197,3.286521634599029,17.047911893484113,3.0893620223903677,17.648554959741833,2.930780768025938,19.26003972298261,3.1221603874613924,0.09244501922890867,0.051382982603805166,0.2666764259338379,0.1021408885717392,-34.88147735595703,36.68319320678711,74.98890686035156,21.506011962890625,19.196746826171875,15.249492645263672,37.245506286621094,11.876827239990234,12.488022804260254,7.661957740783691,14.99718952178955,9.737789154052734,7.07280969619751,7.773544788360596,2.2828547954559326,7.825702667236328,2.8659350872039795,6.349064350128174,9.222026824951172,6.485138893127441,-4.6544036865234375,6.226231098175049,1.3620456457138062,6.032132148742676,-5.449154376983643,5.593909740447998,0.4801805913448334,0.3244321644306183,0.4129684865474701,0.2405269294977188,0.4212299883365631,0.2804304361343384,0.37838128209114075,0.2507975697517395,0.43207496404647827,0.3041864037513733,0.2939208745956421,0.22631318867206573,0.29393908381462097,0.21935616433620453,0.4295712411403656,0.2943240702152252,0.44458404183387756,0.2509938180446625,0.5786316990852356,0.3552672564983368,0.4816150367259979,0.22951750457286835,0.5532922148704529,0.32392245531082153,0.14857282570693836,0.11912557782657458,0.08203178178655639,0.15655794803464887,0.06658014645886455,0.14740216766610537,0.13611729816106835,0.16112857281437357,0.010533652294321388,0.03335088563467612,0.035879455195760114,0.08502798560645594
Ludvig Freso,2035,niche,Ludvig Freso - 2035.wav,112.34714673913044,1.3794736862182617,2.0725793838500977,0.5051358555117954,0.02958958709865297,770.7211623727251,455.00090900676884,1237.8602384874762,446.6561708809406,1204.7760482173956,1158.4563170559368,22.349702187390353,5.088508723510967,17.63776764772927,4.2729046852428,23.67670168594129,5.314110374549796,25.448585621145465,5.743279082682662,20.62979749469557,4.950852816819326,15.520308330972005,2.706501844320477,18.18451707257397,2.4025206695591135,0.03849976719717492,0.019802191083348193,0.11030534654855728,0.054876964539289474,-295.31005859375,65.86924743652344,161.40975952148438,30.889413833618164,42.5527458190918,33.154232025146484,32.83738327026367,13.573064804077148,7.656189441680908,12.192584991455078,3.2467164993286133,11.084715843200684,-6.7615647315979,8.52660846710205,-3.179727554321289,9.3951997756958,3.7794530391693115,8.249451637268066,7.860654830932617,7.25666618347168,6.102630138397217,9.012447357177734,0.11435522139072418,12.301137924194336,-4.560008525848389,10.191490173339844,0.20696690678596497,0.25754043459892273,0.20167796313762665,0.3044159412384033,0.16341297328472137,0.2381696105003357,0.27899420261383057,0.29578056931495667,0.4474165737628937,0.3717558979988098,0.21168909966945648,0.18594564497470856,0.2673685550689697,0.3276809751987457,0.24901817739009857,0.1800462007522583,0.6099356412887573,0.3754079043865204,0.31289154291152954,0.28600916266441345,0.24981611967086792,0.2588621973991394,0.3066962659358978,0.33114898204803467,0.10126264501270371,0.22298675962813358,-0.20486254066829268,0.13612171645385412,-0.008695620605535493,0.2783669701681756,0.1715644840673673,0.13575819471781933,-0.015594651221352887,0.07139528978539221,0.021042683985082078,0.11004951214475718
Malcolm Todd,Bleed (feat. Omar Apollo),niche,Malcolm Todd - Bleed (feat. Omar Apollo).wav,123.046875,1.7433313131332397,2.9236607551574707,0.48297505668934243,0.009287981859410616,2362.4140835966896,1104.1160604243073,2496.8138802437934,723.0502425671831,5106.477455162781,2332.164080997392,17.653243497041156,5.150875723907495,16.8397298039102,4.81386025595146,19.62205138861041,5.27884115485707,19.52229272008835,4.7881956075820495,18.91146690156272,4.079744311815577,19.122338478257056,4.593758001052564,19.016809759817562,4.840695451328143,0.0991040870501161,0.08894833556884903,0.19976414740085602,0.14434947073459625,-107.14323425292969,83.70940399169922,91.92295837402344,39.314002990722656,3.477447271347046,30.524520874023438,18.685361862182617,15.23291015625,6.8799638748168945,14.507112503051758,6.800649166107178,9.697113990783691,0.5401501059532166,11.170634269714355,2.4594411849975586,11.159440040588379,-0.34771907329559326,9.525810241699219,4.983963966369629,9.03647232055664,-0.12954571843147278,8.35838508605957,-4.369033336639404,9.100190162658691,-7.756988525390625,8.948248863220215,0.39247289299964905,0.32044634222984314,0.23869264125823975,0.20728953182697296,0.31808820366859436,0.3131202161312103,0.32086965441703796,0.2517002522945404,0.4303413927555084,0.3397294580936432,0.3432162404060364,0.2886677384376526,0.42906150221824646,0.3147444725036621,0.501947820186615,0.3487236797809601,0.41702091693878174,0.3169213831424713,0.5141048431396484,0.36343133449554443,0.35623037815093994,0.25855204463005066,0.4726458191871643,0.3091292977333069,0.12451865941721083,0.122456307641462,0.0036956889240100867,0.12324691616437333,0.01982323014488722,0.16210966886882222,0.040418674844250164,0.14687214652061067,-0.006002527402481744,0.0492462884125539,0.008228739893320573,0.05786314750735724
Ocean Alley,First Blush,niche,Ocean Alley - First Blush.wav,95.703125,1.4261449575424194,1.837683916091919,0.6244685675688716,0.015323255577105357,2446.238920010966,887.6337964553393,2678.2354790960153,540.7032426026474,5489.041808515141,1906.8695934865086,20.438647135438877,4.7395961591078954,16.441802821410484,4.188219544508201,20.114122847816418,5.119864200733519,19.261206209206765,4.264662693493841,20.70775429303043,4.1192085214374545,19.227439303896645,4.406902775026608,18.108136060064442,3.7926932091926604,0.0955727403008901,0.05221103878469129,0.27755993604660034,0.11698894202709198,-53.388187408447266,69.47964477539062,78.59839630126953,26.41227149963379,11.615035057067871,23.38178062438965,38.376976013183594,16.82241439819336,23.642288208007812,13.608686447143555,12.563521385192871,9.563939094543457,-2.198314666748047,9.905340194702148,6.377151012420654,8.851719856262207,2.1552584171295166,8.376410484313965,2.28684663772583,8.199039459228516,-4.924816608428955,8.464715957641602,-2.2937982082366943,6.475063800811768,-4.89089298248291,7.914858818054199,0.38812774419784546,0.30215904116630554,0.45427069067955017,0.31503769755363464,0.37276068329811096,0.28136709332466125,0.30234983563423157,0.2502267360687256,0.3585225045681,0.336892306804657,0.26398834586143494,0.21781747043132782,0.3376961946487427,0.3134591281414032,0.27183815836906433,0.23553983867168427,0.3581472933292389,0.2635146379470825,0.5388214588165283,0.3582936227321625,0.40639862418174744,0.2718046009540558,0.39832961559295654,0.33407577872276306,0.12178986530316593,0.17890469418369306,-0.1777501247502155,0.13149228151363027,-0.09793242696029734,0.24573118896247398,-0.001815477150403616,0.1432144822030605,0.009850413124461815,0.08756937101411007,0.010719738655576572,0.07175711538955618
Oneohtrix Point Never,Cherry Blue,niche,Oneohtrix Point Never - Cherry Blue.wav,107.666015625,0.7658177018165588,0.6726394295692444,0.5555264621571898,0.020595940779717093,499.27224754376465,321.9297907771341,694.7770590116924,416.53398639297,804.4701354791505,838.8694715859161,20.903227096069095,4.786949338685378,19.295894984051365,3.653563463564486,21.00243448057745,3.5671497374546273,19.864796815912364,2.775894572947739,22.347580107303518,3.3515313261999453,18.25613064925603,2.581385954946387,17.826310228129156,2.5826529179127804,0.026749271357391642,0.010839372222392764,0.1692875474691391,0.050160858780145645,-272.7629089355469,58.788291931152344,217.64686584472656,23.718441009521484,42.47304916381836,24.832027435302734,3.755872964859009,9.39380931854248,13.841300964355469,6.762018203735352,7.766852378845215,9.600168228149414,-3.793834924697876,6.517035007476807,-7.821027755737305,6.048828125,-6.7823028564453125,5.518995761871338,-4.0467610359191895,4.854108810424805,-6.315247058868408,4.509757995605469,-5.1319732666015625,6.48801326751709,-2.8347747325897217,7.013721942901611,0.4113456904888153,0.4658066928386688,0.21940714120864868,0.12764346599578857,0.4186627268791199,0.3479200601577759,0.24788805842399597,0.21001791954040527,0.05134408921003342,0.05194459483027458,0.01889551617205143,0.02052341401576996,0.055198024958372116,0.051714424043893814,0.12540718913078308,0.12703856825828552,0.06377864629030228,0.06328081339597702,0.2616013288497925,0.1709703952074051,0.6002920866012573,0.3888176381587982,0.4121677577495575,0.2375575453042984,-0.12358471724676912,0.15292487818616057,0.32066303727999196,0.05567608155086997,0.18962013830204444,0.07010104732179688,-0.20555123335345954,0.4368296175487233,0.03630084559714498,0.10530335448122927,-0.005614746428017348,0.11981260192317726
Rundown Spaz,"First Day Out (Freestyle), Pt. 2",niche,"Rundown Spaz - First Day Out (Freestyle), Pt. 2.wav",135.99917763157896,1.8085155487060547,1.9977635145187378,0.443718820861678,0.02057178050225453,2211.6105068354796,1253.8867163410282,2486.177501340806,663.8584381176161,4677.663381476152,2595.0607934479067,22.1395602193908,4.9274890614657005,15.772780222286693,4.872223928601537,17.519646946582,4.665894058269814,17.007191753883372,3.7347110243706343,18.442316407088015,3.3908656453317096,17.95585888392122,3.1976071706667994,20.09481271436461,3.8859024049961066,0.08223419661861456,0.09478917614196618,0.3496001660823822,0.1811751276254654,-78.07083892822266,74.60454559326172,94.20999145507812,44.567691802978516,3.5225815773010254,29.485015869140625,8.675307273864746,23.47806739807129,14.600077629089355,18.597881317138672,13.524991989135742,16.22127342224121,4.816211223602295,16.9146671295166,6.3335347175598145,14.295519828796387,3.870399236679077,11.433414459228516,7.2509260177612305,11.75794506072998,0.7225042581558228,10.792694091796875,11.520766258239746,10.393110275268555,-1.1595830917358398,8.983708381652832,0.5945420265197754,0.32194650173187256,0.5492201447486877,0.30809783935546875,0.5591659545898438,0.3108377158641815,0.5339428186416626,0.2902427315711975,0.5625503659248352,0.29441943764686584,0.5489626526832581,0.31242820620536804,0.431907594203949,0.25250187516212463,0.43101024627685547,0.2832380533218384,0.3898099660873413,0.24471415579319,0.38854578137397766,0.24223540723323822,0.46088358759880066,0.2865791916847229,0.558219313621521,0.31476035714149475,-0.031666857742123765,0.07482928857061433,0.22300705289283954,0.15254853007724142,-0.11393021037690393,0.10203351684040508,0.22904681147889988,0.20000729161065153,0.04753690328861826,0.04107682281914923,0.08522954433305834,0.08057952713137347
Selena Gomez,Ojos Tristes (with The Marías),niche,Selena Gomez - Ojos Tristes (with The Marías).wav,112.34714673913044,1.4622281789779663,1.7928906679153442,0.5456689342403629,0.01160997732426311,1874.1457632582847,1150.9479665604838,2314.321402460071,592.6166650242184,3953.601093115083,2197.6676315527147,19.364630118540063,5.721919032119769,16.750478293768015,4.463869793736616,20.24319355643518,5.2301347420381905,19.76957313543831,4.335571003980845,18.730251637074097,3.695397442943402,18.043612393939654,3.3761373615464825,20.70668239654666,4.339350803697442,0.06864168621807276,0.08535975133745244,0.2647959589958191,0.09561995416879654,-97.46929931640625,63.12363052368164,111.32698822021484,45.16452407836914,19.787841796875,24.010499954223633,24.9674015045166,19.465347290039062,8.935065269470215,14.975380897521973,14.514654159545898,13.372162818908691,7.7154622077941895,12.318910598754883,3.124790906906128,12.892441749572754,0.7739282846450806,10.667627334594727,7.166774272918701,10.980367660522461,-11.52949047088623,10.903614044189453,1.0501292943954468,7.92891788482666,-6.854950904846191,8.272415161132812,0.32158035039901733,0.3253480792045593,0.25478145480155945,0.2447514533996582,0.22799919545650482,0.22445079684257507,0.27985626459121704,0.3055160343647003,0.2735615074634552,0.2368280589580536,0.3861926794052124,0.33011117577552795,0.31329894065856934,0.2259836345911026,0.46491503715515137,0.3603728711605072,0.4559118449687958,0.35342440009117126,0.2963375449180603,0.25119906663894653,0.3613571226596832,0.3526226878166199,0.2591833174228668,0.21900677680969238,-0.1867964719678911,0.1748817407701138,0.11941479694495405,0.16246391097374402,0.03161773704829917,0.25014891572930426,0.08255394282476816,0.2360328859244339,-0.013687441064802235,0.0970410442128881,-0.013516782570054297,0.09428130859990248
slayr,Sloppy Joe,niche,slayr - Sloppy Joe.wav,143.5546875,1.5141297578811646,1.326969861984253,0.4145444844604509,0.018363336763482268,2997.945403488915,874.2718209963873,3090.7312528242774,352.9731813955203,6908.041561351103,1461.3033520910399,19.636796486800883,4.679030190525307,14.72407924158892,3.8309820669436454,18.62527568743611,4.083544781915437,17.259027756017222,3.6627080252722215,18.907423322866002,3.559286289510384,17.142835806111574,2.6134255124415215,17.702737630909372,2.275800086549579,0.09537470672890867,0.057105044258392655,0.3977765142917633,0.1094396710395813,16.52193260192871,44.85198211669922,73.15997314453125,25.70358657836914,19.008529663085938,18.945556640625,8.800790786743164,14.02562141418457,11.918944358825684,11.325525283813477,6.002082347869873,11.654301643371582,0.055202189832925797,10.1080322265625,7.832120418548584,10.0211181640625,-2.9167349338531494,9.502079010009766,5.924444198608398,9.153707504272461,0.4571245014667511,8.654776573181152,5.851522445678711,8.715380668640137,2.7441651821136475,8.200098991394043,0.32830536365509033,0.19730813801288605,0.47363755106925964,0.31724658608436584,0.3881852626800537,0.27649468183517456,0.30752721428871155,0.20024527609348297,0.455447793006897,0.3200867772102356,0.3229826092720032,0.19629192352294922,0.42430099844932556,0.3003469705581665,0.3822890818119049,0.271585077047348,0.4310070276260376,0.26819759607315063,0.5459493398666382,0.3356756567955017,0.38500815629959106,0.20556043088436127,0.489082932472229,0.32766321301460266,-0.013309811762504875,0.09131461230419326,0.1180896994214089,0.09050562378069313,0.03943529042801635,0.13755356119565926,0.04243190213389091,0.1395933191801641,0.017990430935595773,0.04672696206901344,-0.006443337495719741,0.050066093970857484
sosocamo,keep steady,niche,sosocamo - keep steady.wav,123.046875,2.0222697257995605,2.240654945373535,0.49863868711326337,0.01502754778142569,2789.4639578091815,1238.4449267748405,2790.632439672441,493.1449487558129,5926.472496764948,2287.4768876997705,18.73372181733863,4.783313429952101,15.612911857480459,4.303621539799679,19.4321390905322,4.528531018861935,17.97729659528692,3.9049907373312065,19.749480999928505,3.8443740253495986,19.30401084452499,4.693018737743453,21.480189977900036,4.59582344625484,0.12444218024380804,0.0946953548335935,0.15310321748256683,0.08442957699298859,-107.55907440185547,68.07998657226562,82.08525848388672,45.48444366455078,12.44666862487793,27.851806640625,16.276290893554688,22.39011001586914,21.469118118286133,16.857149124145508,6.525413990020752,13.981663703918457,-3.412710666656494,13.563308715820312,-0.9543757438659668,13.706321716308594,-3.280111312866211,11.789051055908203,11.39919376373291,11.096148490905762,-8.671515464782715,10.285125732421875,4.426222324371338,8.80058765411377,-3.5751495361328125,8.260095596313477,0.34257981181144714,0.2452390342950821,0.35809433460235596,0.2856539487838745,0.33080312609672546,0.24752843379974365,0.38573670387268066,0.30215731263160706,0.29138872027397156,0.2315845936536789,0.3884630799293518,0.27938371896743774,0.41632676124572754,0.30189910531044006,0.4188196063041687,0.251022607088089,0.6126437187194824,0.3266773521900177,0.44585463404655457,0.25609707832336426,0.5274703502655029,0.3323620557785034,0.3859240412712097,0.2810240387916565,-0.05782324344528856,0.12163514155110065,-0.07196047749578247,0.08810427213030501,0.08361564667090927,0.18953864015953056,-0.0004129390965360446,0.19724188136058285,0.007230844207263735,0.07626082707457879,-0.01589880308212747,0.06909705873130903
SpaceGhostPurrp,Underground,niche,SpaceGhostPurrp - Underground.wav,117.45383522727273,1.4663490056991577,1.4338104724884033,0.5154000647878199,0.02611586653045616,2914.5333818200056,899.5470331353167,2755.60196426029,438.50446344032616,6163.854394682421,1705.1016769061903,16.20613566929252,4.649896506085536,12.689355130327442,3.3975555666588417,17.03905207815526,4.133329761981799,16.2600490091114,2.9706086822797486,16.663481716171592,2.4791079745771336,17.177930416974466,2.467630414570005,18.742480244486778,2.7462054015974835,0.15164382981811145,0.07082474201471142,0.05819530785083771,0.04376910254359245,-160.77952575683594,53.19688034057617,73.99989318847656,31.663467407226562,7.763670444488525,21.30916404724121,20.946420669555664,16.34567642211914,-2.138640880584717,10.971101760864258,9.431676864624023,10.22107219696045,0.8895668983459473,9.179953575134277,2.9036989212036133,8.077820777893066,-2.5809497833251953,9.685078620910645,4.7293219566345215,8.82204532623291,-0.9518569707870483,8.318303108215332,6.303491592407227,7.6332926750183105,-2.8210816383361816,7.055219650268555,0.4323770999908447,0.31143051385879517,0.30898961424827576,0.23610836267471313,0.3283061683177948,0.24844688177108765,0.3946809470653534,0.27656540274620056,0.41606512665748596,0.27066224813461304,0.44674256443977356,0.27256810665130615,0.40919339656829834,0.27158403396606445,0.48997876048088074,0.3352377414703369,0.4524863064289093,0.2859252393245697,0.5357735753059387,0.3026334345340729,0.5403541326522827,0.2906057834625244,0.4198594093322754,0.27604570984840393,0.006524250583906214,0.08191481788229928,0.1923570888110194,0.10522397671985369,0.012355943719334118,0.11184961109321617,0.0867302234359541,0.11594870919507669,0.006984076398547137,0.05035109896993776,0.025941297205398686,0.047797333951906266
Swink,Holiday Beginning,niche,Swink - Holiday Beginning.wav,86.1328125,1.3185086250305176,2.387155294418335,0.7598085159989921,0.049442424606345285,890.6375999405282,557.674013544228,1432.2170568254426,456.87241314102044,1617.973549668634,1463.962894934361,24.95908709536375,5.066834974593884,20.78618689720084,5.265831495831526,20.44200456533977,5.769910107764369,16.418545314420182,4.3977960370295905,15.786745576206606,3.0072763506728752,16.104655370823597,2.703221434885602,22.55126990871435,2.803973730775275,0.02616877600135449,0.023243480624096514,0.13263346254825592,0.1212007999420166,-295.1283874511719,75.87008666992188,114.23316192626953,30.988609313964844,30.56624984741211,26.665895462036133,37.523807525634766,23.160045623779297,22.141082763671875,20.162296295166016,16.48859405517578,17.60213851928711,7.669286251068115,14.535821914672852,1.6319414377212524,12.592071533203125,-1.9730135202407837,11.746661186218262,-2.7885398864746094,11.404296875,-4.0433030128479,10.361639022827148,-2.744574546813965,8.20279598236084,-3.205500364303589,7.144811153411865,0.2981640100479126,0.2577448785305023,0.3465319573879242,0.34778693318367004,0.23330123722553253,0.2781447470188141,0.24509191513061523,0.26308706402778625,0.34757909178733826,0.3194800019264221,0.3713529109954834,0.3389831483364105,0.2864350974559784,0.290141224861145,0.2555413544178009,0.27936622500419617,0.3437097370624542,0.29484453797340393,0.49378877878189087,0.412422239780426,0.33761003613471985,0.27032408118247986,0.3330903649330139,0.3445259928703308,0.24004630309400987,0.3011266075047015,-0.031869684247727355,0.2576958386060255,-0.2933188323203649,0.33354393626454,0.033790715053732594,0.23909908847722064,-0.0011272146280990269,0.13444566750968961,0.04967828631077944,0.1734796222643642
The Marías,Hamptons,niche,The Marías - Hamptons.wav,64.599609375,1.6111762523651123,2.2138431072235107,0.9258020627605881,0.044816835370905465,1840.863528354131,1004.7346561713472,2347.8124832044127,651.6895156383113,3912.759673410894,2087.056561679154,20.03636429192669,4.852204848630847,17.077367670893103,4.230240785468403,19.817266058273958,3.916608480389211,18.53054523207194,3.8390109818261324,18.522585041187888,4.0054107568083905,18.550561525953032,4.741232956345339,22.88735321075632,7.2994298805405515,0.05866328850619195,0.05529263717286714,0.21897843480110168,0.0974053367972374,-114.34563446044922,71.44551086425781,115.5577621459961,38.902626037597656,21.7260684967041,24.06092643737793,27.652803421020508,16.50411033630371,11.891956329345703,13.533966064453125,8.74772834777832,14.814252853393555,-3.5916121006011963,12.454184532165527,-8.546110153198242,15.62344741821289,6.640862464904785,13.042791366577148,-6.985894203186035,9.82668399810791,1.84732985496521,9.805845260620117,-6.799805641174316,11.237485885620117,1.7743468284606934,8.302695274353027,0.5555692911148071,0.3129342496395111,0.4630996286869049,0.3103264272212982,0.390645831823349,0.3153403401374817,0.2645719051361084,0.18443462252616882,0.3693564832210541,0.31466928124427795,0.24658501148223877,0.229610413312912,0.19375459849834442,0.16942144930362701,0.2900051474571228,0.26261869072914124,0.318546861410141,0.2513154447078705,0.4739273190498352,0.33156654238700867,0.3732704222202301,0.2819273769855499,0.4569814205169678,0.335938423871994,0.12228594396560762,0.1302975533967808,0.14666448913744326,0.16043992282488104,-0.1341758529949741,0.18437116518600474,0.09670212841268278,0.1946065638884281,-0.029919800682934358,0.062138875331488395,0.03712386582691896,0.059443179534298146
The Marías,Nobody New,niche,The Marías - Nobody New.wav,78.30255681818181,1.1913394927978516,1.5537515878677368,0.7727600907029479,0.025025897925360106,1348.3959089616012,759.6223122183337,1835.5146673158476,869.9695820918831,2822.299600607101,1934.872243281384,20.632694045055583,5.321344016743589,18.319331750413077,4.795943154514878,21.31838496813735,4.4879798136379,20.85626129033161,4.435362227775826,20.34646327040839,4.475597931961508,21.409847244662565,6.1854934015737415,22.86510743151109,6.3364720995174455,0.044547349675890094,0.024269831114961643,0.18723604083061218,0.11800231039524078,-184.42442321777344,85.4206314086914,130.56602478027344,42.11383056640625,24.741003036499023,24.65265655517578,27.922412872314453,33.088138580322266,2.0366363525390625,12.507293701171875,-3.023250102996826,15.53343677520752,-1.3818995952606201,12.59633731842041,-7.38232946395874,12.759434700012207,-0.14697548747062683,15.45810317993164,-10.36276912689209,10.685364723205566,-3.1758244037628174,12.19961166381836,-9.09350872039795,11.034287452697754,0.10346625745296478,9.220157623291016,0.24009333550930023,0.25032299757003784,0.4655640721321106,0.39109718799591064,0.4361417889595032,0.33751580119132996,0.2409205436706543,0.22350510954856873,0.30111169815063477,0.33117780089378357,0.22113315761089325,0.2609797418117523,0.23247620463371277,0.2819640636444092,0.17384342849254608,0.2205914705991745,0.26487791538238525,0.2753556966781616,0.31313419342041016,0.32414692640304565,0.2324807196855545,0.23756751418113708,0.26942938566207886,0.35328149795532227,0.15020397451599166,0.17997715144256693,-0.21846477759135516,0.16129227351800962,-0.11078238450949525,0.25955887539092554,-0.0012769813212533984,0.20648115496001096,0.004407603627409411,0.0992190923056403,-0.015842336042832483,0.07869538041287277
The Old Rule King,Temporal Displacement Sui Iuris Quaestio audivit,niche,The Old Rule King - Temporal Displacement Sui Iuris Quaestio audivit.wav,112.34714673913044,1.689120888710022,2.393665075302124,0.5323065075086638,0.03518563189558489,2700.866834323607,1278.5795055821359,2697.3031041067584,861.8249018511734,5894.5726896587175,2742.022067119382,18.81317417850992,5.393635464437029,14.395306042847514,5.061638516371396,16.884024522138432,5.194679564846704,16.69568616630423,3.7735407413092,16.78298596405888,2.816435646111794,18.12592443697148,4.020810728283053,18.119744960240162,3.931200845853143,0.11784433654218267,0.10073338231365084,0.12986011803150177,0.08121242374181747,-165.38658142089844,116.66297912597656,77.4841537475586,55.98948669433594,21.031911849975586,32.17005920410156,21.977083206176758,22.319164276123047,6.276230812072754,17.235124588012695,-7.634819984436035,17.585596084594727,1.7886872291564941,15.93089485168457,-8.081160545349121,15.415609359741211,6.493010520935059,13.084136962890625,0.45571205019950867,12.438155174255371,2.575296640396118,10.868066787719727,2.9013569355010986,10.312746047973633,-5.707549571990967,11.012283325195312,0.41393977403640747,0.3285106122493744,0.39160680770874023,0.309880793094635,0.4286649227142334,0.3182668685913086,0.43045100569725037,0.30459997057914734,0.3518255949020386,0.2835908532142639,0.3338107466697693,0.26563018560409546,0.4337337613105774,0.27765700221061707,0.6686882972717285,0.298679381608963,0.6315152645111084,0.2613216042518616,0.4711448848247528,0.2846088111400604,0.4258959889411926,0.3084891140460968,0.40987110137939453,0.31371691823005676,0.020080743274455724,0.081715446703945,0.19665947312430934,0.21736722255130894,0.09040890153801602,0.11828954925158562,0.191325568033947,0.21932836145106366,0.029625933500809627,0.051764232122556444,0.06669978660467561,0.09373964938856146
Tray B,YEL Locked In (feat. Fleeky Bang),niche,Tray B - YEL Locked In (feat. Fleeky Bang).wav,123.046875,1.6033374071121216,1.6384780406951904,0.4911610745993313,0.013392561063704194,2716.125433212042,732.6449029698206,2826.133137287801,401.51796877821226,6161.237743838284,1484.7627439856528,21.941258801898375,5.364992011401597,14.559961529445818,4.196128012547903,17.56385022748769,4.176982685049084,17.009368865276997,3.665880365807467,17.75042846617215,3.337547543208137,18.353143413352303,2.745857832785815,19.431458197542767,3.2229417658593555,0.08429843205785603,0.06192599588963256,0.35316556692123413,0.11325423419475555,-10.577481269836426,51.32183074951172,71.41940307617188,23.96833038330078,4.818527698516846,21.882221221923828,28.616806030273438,16.877315521240234,16.011438369750977,14.1459321975708,7.98267126083374,10.53370475769043,4.631674766540527,9.884101867675781,14.888715744018555,10.757794380187988,-3.685492515563965,8.829455375671387,9.674306869506836,7.912154674530029,-1.4297128915786743,6.875002384185791,7.7878828048706055,8.391519546508789,0.43188145756721497,7.34998893737793,0.6627515554428101,0.2938481569290161,0.46755802631378174,0.24496214091777802,0.4034632742404938,0.22619396448135376,0.41530686616897583,0.22376778721809387,0.5535331964492798,0.266611248254776,0.5494533777236938,0.3032171130180359,0.5355563759803772,0.27777963876724243,0.6459753513336182,0.2851245105266571,0.5026600360870361,0.2550368010997772,0.4827268123626709,0.2610575258731842,0.48569202423095703,0.28067511320114136,0.39743173122406006,0.18635337054729462,-0.11871257034430813,0.09058540536809809,0.21681863683116442,0.17984232367077954,-0.2741219872347842,0.19110874153034693,-0.03912439149798759,0.0798156059192852,-0.09686605925862468,0.08448050622456704,-0.009116981308993867,0.03896914386309773
Underground Sound,Benji Blue Bills Cypher Verse,niche,Underground Sound - Benji Blue Bills Cypher Verse.wav,99.38401442307692,1.6278680562973022,1.1884928941726685,0.5983975812547241,0.034907111934990964,3083.933050789687,1007.3184359474303,3065.184366064439,392.5728905888919,6900.724938927051,1465.4049373017533,20.168409837548857,4.519544502519402,13.574813158198873,4.053454809511988,17.137282996772093,3.8378233546964116,17.038236927245084,3.40056780693357,17.946325069532794,2.6724434096563945,17.210190227160098,2.68689659831172,17.365639199730467,2.7230123111269164,0.10422461542182662,0.10406978481697564,0.34846505522727966,0.14634643495082855,-28.402711868286133,35.43610382080078,59.32090377807617,31.52208709716797,21.34671974182129,24.46500587463379,14.662070274353027,18.90186882019043,5.828936576843262,23.03011703491211,13.683897972106934,13.303698539733887,0.45114222168922424,12.404253959655762,4.895493030548096,13.145973205566406,5.3413896560668945,10.816637992858887,4.144319534301758,13.414057731628418,-3.526445150375366,11.316168785095215,0.3933528661727905,11.354129791259766,-3.641484022140503,10.386122703552246,0.4969559907913208,0.2846848666667938,0.4959565997123718,0.27850908041000366,0.49258267879486084,0.288118451833725,0.5567001700401306,0.30479896068573,0.5609819889068604,0.3302187919616699,0.5904868245124817,0.2952515184879303,0.6238595247268677,0.27428892254829407,0.48223555088043213,0.23655197024345398,0.5353378653526306,0.2509288191795349,0.5225970149040222,0.2523612380027771,0.6201614737510681,0.26873579621315,0.5629063248634338,0.29695311188697815,-0.09250589516968073,0.0923921008077389,-0.04080722722802827,0.08093062738543089,0.04751626791428132,0.15776545817509469,0.003974864857657377,0.11544101225496177,0.020962985398925427,0.04135792657877202,0.03970785341421997,0.06614237590387001
Yellowcard,Bedroom Posters (feat. Good Charlotte),niche,Yellowcard - Bedroom Posters (feat. Good Charlotte).wav,69.83741554054055,1.148451805114746,0.9590322971343994,0.8502075702075701,0.02500610500610499,2765.51238679582,698.5504109380181,2854.1110185660823,365.91656020604415,6241.7955900493425,1442.3451627132526,17.379723441919694,4.3235335641608375,14.084831800012706,3.7820173500922403,17.361847847194003,4.179740036622769,16.760879876051426,2.991469426234131,16.383069957140187,2.4138167708302216,15.60062847416587,2.4396522212957854,17.00443390015676,2.195277562101447,0.11065390383126934,0.05055857113266752,0.31442657113075256,0.07184985280036926,18.85591697692871,35.93359375,75.83645629882812,19.065433502197266,1.8336387872695923,15.331961631774902,24.63551139831543,10.54625129699707,17.2838134765625,8.009242057800293,10.769123077392578,7.055189609527588,2.956575632095337,6.7326579093933105,7.455799102783203,6.268665790557861,0.7579681873321533,6.934994220733643,9.201143264770508,7.359992027282715,2.5348634719848633,6.180604457855225,5.717267036437988,5.38958740234375,-2.7674190998077393,5.7590012550354,0.4021037518978119,0.28043997287750244,0.41155770421028137,0.2678191661834717,0.48312851786613464,0.29550525546073914,0.3621367812156677,0.2361040860414505,0.3597763478755951,0.2701825797557831,0.3510362505912781,0.21764589846134186,0.5176816582679749,0.2922038733959198,0.6403337121009827,0.3229474425315857,0.40621456503868103,0.22943252325057983,0.4133929908275604,0.29760318994522095,0.3536571264266968,0.2475266307592392,0.43723180890083313,0.2991280257701874,0.06455407414825114,0.057120187125838585,0.05553205035116052,0.08432276832323984,0.0405981263604253,0.06739780054801434,0.03229139530641959,0.10558135296656285,0.008738138669118687,0.038966224887888395,0.01756789783450519,0.040625948059449746
YY NOVELL,Dopamina,niche,YY NOVELL - Dopamina.wav,89.10290948275862,2.0991315841674805,1.8812896013259888,0.6816715257531585,0.04079538337958829,1947.7476098613613,1133.3191950413564,2111.810289359369,621.8513792744017,3946.4261365010643,2071.4227315783046,22.378360568826874,5.170310961572305,16.54963561192426,4.9177538480175595,19.072668840060306,4.536174147606916,16.93646625443645,3.534313712342362,17.42475320064894,2.9691114968423094,20.001747468477806,3.9213208308470815,21.721038868905943,4.706427411078341,0.0824314743372678,0.08510121166139255,0.28098833560943604,0.1477741003036499,-96.3438491821289,63.38191604614258,107.4483871459961,44.435428619384766,0.2950088083744049,41.1334228515625,24.549726486206055,26.126279830932617,-0.6338860988616943,19.775157928466797,8.654521942138672,20.152006149291992,-8.56698989868164,15.899080276489258,0.14119888842105865,14.765678405761719,-9.978495597839355,13.466057777404785,2.2512974739074707,13.291668891906738,-11.441424369812012,11.178074836730957,4.702445030212402,10.224456787109375,-6.429754734039307,10.157922744750977,0.34407657384872437,0.2822173833847046,0.3780050277709961,0.30103546380996704,0.44243890047073364,0.3189699649810791,0.49505162239074707,0.31230735778808594,0.46984145045280457,0.3305010497570038,0.3828738033771515,0.3096202313899994,0.3703906536102295,0.32144567370414734,0.3782149851322174,0.3114461898803711,0.35679540038108826,0.2787089943885803,0.4466012418270111,0.334367573261261,0.4206031262874603,0.3015791177749634,0.35531771183013916,0.29004165530204773,0.05065689369515813,0.11438090655902762,0.0008438651867615528,0.09034998898151195,-0.004397366597063822,0.16248761192494882,-0.01616760313434522,0.14244429141343753,0.015438770058925341,0.05820791775858326,0.005220649179882893,0.05240816340296373
